Average,Variance,BOOKID,Author
4.53014364891,7.22016026217,ladysusan0.txt,Austen
4.4666464524,6.97892381778,ladysusan1.txt,Austen
4.51321892393,6.82098040393,ladysusan2.txt,Austen
4.55175870239,6.3461315098,mansfieldpark14.txt,Austen
4.45206459526,6.01589678986,mansfieldpark3.txt,Austen
4.53973693961,6.14006047734,mansfieldpark12.txt,Austen
4.60691581584,6.67419549604,mansfieldpark5.txt,Austen
4.75937250731,7.31468939338,mansfieldpark15.txt,Austen
4.52753595761,6.35128106713,mansfieldpark8.txt,Austen
4.56519626895,6.74523887898,mansfieldpark10.txt,Austen
4.47027600849,6.42171074323,mansfieldpark11.txt,Austen
4.49921875,6.47367845981,mansfieldpark4.txt,Austen
4.49051783433,6.31616892404,mansfieldpark1.txt,Austen
4.49828448191,6.35080588024,mansfieldpark7.txt,Austen
4.52413584601,5.97127287491,mansfieldpark2.txt,Austen
4.57488390093,6.62622543403,mansfieldpark6.txt,Austen
4.47658452305,6.35114773688,mansfieldpark13.txt,Austen
4.49426947896,6.24055182373,mansfieldpark0.txt,Austen
4.49170204554,6.06603168734,mansfieldpark9.txt,Austen
4.5940652819,7.05511466478,persuasion8.txt,Austen
4.54100041,6.05972320205,persuasion2.txt,Austen
4.59988168014,6.57236168603,persuasion4.txt,Austen
4.5012021639,6.02018691254,persuasion5.txt,Austen
4.49290953545,6.17563927439,persuasion1.txt,Austen
4.56660692951,6.43875733985,persuasion7.txt,Austen
4.62216901127,6.34286111013,persuasion3.txt,Austen
4.69599758648,7.08136384431,persuasion0.txt,Austen
4.47341022762,6.31771369582,persuasion6.txt,Austen
4.5584059532,6.81515969927,emma5.txt,Austen
4.57772833013,6.77685775625,emma6.txt,Austen
4.48515897328,6.6852593319,emma1.txt,Austen
4.6545473596,7.84261161528,emma11.txt,Austen
4.53326359833,6.85797909569,emma7.txt,Austen
4.62663546431,7.46526494465,emma9.txt,Austen
4.60963472737,7.48811131298,emma15.txt,Austen
4.74818502385,7.99819450658,emma13.txt,Austen
4.79302325581,8.68817838475,emma16.txt,Austen
4.55986305508,7.08511192485,emma10.txt,Austen
4.53326752221,6.62230119903,emma0.txt,Austen
4.59360824742,7.03082830306,emma12.txt,Austen
4.68333982094,8.17767277638,emma14.txt,Austen
4.57291666667,6.83872886065,emma3.txt,Austen
4.46673740053,6.48873325287,emma2.txt,Austen
4.57493188011,6.92808309706,emma8.txt,Austen
4.60428455942,7.23096294438,emma4.txt,Austen
4.76802507837,7.39255929497,prideandpredjudice13.txt,Austen
4.47396655096,6.08545200099,prideandpredjudice10.txt,Austen
4.62602230483,6.70493143566,prideandpredjudice7.txt,Austen
4.68718766614,7.17032179006,prideandpredjudice2.txt,Austen
4.70705536998,6.91984391989,prideandpredjudice8.txt,Austen
4.56356715606,6.61709756333,prideandpredjudice12.txt,Austen
4.54453394707,6.45428304321,prideandpredjudice11.txt,Austen
4.52674704436,6.55486283076,prideandpredjudice0.txt,Austen
4.53408619975,6.42211021037,prideandpredjudice9.txt,Austen
4.61484494154,6.84167507002,prideandpredjudice3.txt,Austen
4.63077478345,6.6711403935,prideandpredjudice1.txt,Austen
4.66727078891,6.7321198563,prideandpredjudice5.txt,Austen
4.64875381218,6.8925996774,prideandpredjudice4.txt,Austen
4.71418496877,7.47971211651,prideandpredjudice6.txt,Austen
4.48712017664,6.01558067525,northangerabbey1.txt,Austen
4.60262053434,6.79375234586,northangerabbey4.txt,Austen
4.57600827301,6.77729174882,northangerabbey3.txt,Austen
4.7651396648,7.19815885299,northangerabbey7.txt,Austen
4.62985529322,6.72717820539,northangerabbey0.txt,Austen
4.58601985467,6.91304506777,northangerabbey6.txt,Austen
4.46013855858,5.9830799808,northangerabbey2.txt,Austen
4.71339681343,6.83865041607,northangerabbey5.txt,Austen
4.68375796178,6.6974110806,senseandsensibility5.txt,Austen
4.54785584429,6.58976839676,senseandsensibility4.txt,Austen
4.54286322059,6.98598299352,senseandsensibility9.txt,Austen
4.61833313797,6.79217968314,senseandsensibility2.txt,Austen
4.69251509922,6.97296521927,senseandsensibility1.txt,Austen
4.54267554479,6.53334156438,senseandsensibility8.txt,Austen
4.74500972464,7.81140655447,senseandsensibility10.txt,Austen
4.64698886366,6.79437917819,senseandsensibility7.txt,Austen
4.64971004171,7.0475123803,senseandsensibility0.txt,Austen
4.77172503243,7.43709888854,senseandsensibility12.txt,Austen
4.7824084229,7.65233062532,senseandsensibility11.txt,Austen
4.52797644089,6.66325426178,senseandsensibility6.txt,Austen
4.54549479743,6.6469391828,senseandsensibility3.txt,Austen
4.69576686346,7.33657629941,TheWorksofLordByron-LettersandJournals.Vol.18.txt,Byron
4.60927710843,6.99986572631,TheWorksofLordByron-LettersandJournals.Vol.11.txt,Byron
4.68378412065,7.63858891973,TheWorksofLordByron-LettersandJournals.Vol.14.txt,Byron
4.67077352979,7.40811038989,TheWorksofLordByron-LettersandJournals.Vol.114.txt,Byron
4.77274969174,7.52376096706,TheWorksofLordByron-LettersandJournals.Vol.110.txt,Byron
4.52734082397,6.72549785985,TheWorksofLordByron-LettersandJournals.Vol.10.txt,Byron
4.55937810122,7.17812912356,TheWorksofLordByron-LettersandJournals.Vol.12.txt,Byron
4.73816531764,7.80424174576,TheWorksofLordByron-LettersandJournals.Vol.16.txt,Byron
4.62813535258,7.23585722555,TheWorksofLordByron-LettersandJournals.Vol.112.txt,Byron
4.73785151194,7.70556991864,TheWorksofLordByron-LettersandJournals.Vol.17.txt,Byron
4.77958446251,7.54614484538,TheWorksofLordByron-LettersandJournals.Vol.115.txt,Byron
4.8220215168,8.63835133269,TheWorksofLordByron-LettersandJournals.Vol.15.txt,Byron
4.57332350774,7.22070088022,TheWorksofLordByron-LettersandJournals.Vol.113.txt,Byron
4.60747051114,8.13388047986,TheWorksofLordByron-LettersandJournals.Vol.13.txt,Byron
4.75322345554,7.91812568128,TheWorksofLordByron-LettersandJournals.Vol.111.txt,Byron
4.63067017852,7.0086069853,TheWorksofLordByron-LettersandJournals.Vol.19.txt,Byron
4.99447164745,8.45162820026,TheWorksofLordByron.Vol.33.txt,Byron
4.79231079446,7.22910999966,TheWorksofLordByron.Vol.39.txt,Byron
4.91635246474,8.03671719642,TheWorksofLordByron.Vol.311.txt,Byron
4.85401670026,7.34312065285,TheWorksofLordByron.Vol.310.txt,Byron
4.94134477825,7.30665698106,TheWorksofLordByron.Vol.30.txt,Byron
4.66467576792,5.55529874282,TheWorksofLordByron.Vol.313.txt,Byron
4.77913838891,7.44346616028,TheWorksofLordByron.Vol.35.txt,Byron
4.52697432564,4.95693519616,TheWorksofLordByron.Vol.34.txt,Byron
4.753254103,6.36174648429,TheWorksofLordByron.Vol.316.txt,Byron
4.94357638889,8.01070681402,TheWorksofLordByron.Vol.38.txt,Byron
4.81879409878,6.9204871422,TheWorksofLordByron.Vol.314.txt,Byron
4.73862137203,6.63973525889,TheWorksofLordByron.Vol.319.txt,Byron
4.86488597313,7.422609962,TheWorksofLordByron.Vol.318.txt,Byron
4.71701720841,7.72015871687,TheWorksofLordByron.Vol.315.txt,Byron
4.57822387083,5.27928999177,TheWorksofLordByron.Vol.31.txt,Byron
4.64085447263,6.00285742365,TheWorksofLordByron.Vol.37.txt,Byron
4.86339217191,7.67737473641,TheWorksofLordByron.Vol.320.txt,Byron
4.88789386401,7.10436494478,TheWorksofLordByron.Vol.32.txt,Byron
4.87166003411,8.030292681,TheWorksofLordByron.Vol.36.txt,Byron
4.87462213905,7.64984104277,TheWorksofLordByron.Vol.312.txt,Byron
4.64640398418,5.88930841163,TheWorksofLordByron.Vol.317.txt,Byron
4.70162951864,5.22587033031,"TheWorksofLordByron,Vol.1.Poetry4.txt",Byron
4.74992066011,6.12791666037,"TheWorksofLordByron,Vol.1.Poetry3.txt",Byron
4.55637480799,5.58617247165,"TheWorksofLordByron,Vol.1.Poetry11.txt",Byron
4.72048652516,6.13607113728,"TheWorksofLordByron,Vol.1.Poetry1.txt",Byron
4.85496902774,5.22192614719,"TheWorksofLordByron,Vol.1.Poetry14.txt",Byron
4.65172166428,5.95401676628,"TheWorksofLordByron,Vol.1.Poetry13.txt",Byron
4.85720303286,6.47040801635,"TheWorksofLordByron,Vol.1.Poetry18.txt",Byron
4.83333333333,6.76458112407,"TheWorksofLordByron,Vol.1.Poetry5.txt",Byron
4.93200612557,6.6064957451,"TheWorksofLordByron,Vol.1.Poetry21.txt",Byron
4.64159596423,5.10477396608,"TheWorksofLordByron,Vol.1.Poetry10.txt",Byron
4.81391200951,4.9610036426,"TheWorksofLordByron,Vol.1.Poetry7.txt",Byron
4.60767326733,5.7234979481,"TheWorksofLordByron,Vol.1.Poetry9.txt",Byron
4.97863841612,7.42650208879,"TheWorksofLordByron,Vol.1.Poetry0.txt",Byron
4.83261743107,7.77075968081,"TheWorksofLordByron,Vol.1.Poetry19.txt",Byron
5.05874499332,9.12300069474,"TheWorksofLordByron,Vol.1.Poetry15.txt",Byron
5.05279672578,8.10541242559,"TheWorksofLordByron,Vol.1.Poetry16.txt",Byron
4.7910723719,5.71300878366,"TheWorksofLordByron,Vol.1.Poetry6.txt",Byron
4.4471952366,4.87362144118,"TheWorksofLordByron,Vol.1.Poetry12.txt",Byron
4.59443687998,5.46564219743,"TheWorksofLordByron,Vol.1.Poetry8.txt",Byron
5.0441224893,6.68843464639,"TheWorksofLordByron,Vol.1.Poetry20.txt",Byron
5.03107126295,8.62380251641,"TheWorksofLordByron,Vol.1.Poetry22.txt",Byron
5.06847751655,7.1715654669,"TheWorksofLordByron,Vol.1.Poetry17.txt",Byron
4.82830188679,6.40457744128,"TheWorksofLordByron,Vol.1.Poetry2.txt",Byron
4.68529114776,4.53955469556,ChildeHarold'sPilgrimage1.txt,Byron
4.57560418027,5.16511436625,ChildeHarold'sPilgrimage3.txt,Byron
4.60527859238,5.5618265802,ChildeHarold'sPilgrimage6.txt,Byron
4.68610236873,4.70214777812,ChildeHarold'sPilgrimage2.txt,Byron
4.72988992379,6.11046314845,ChildeHarold'sPilgrimage5.txt,Byron
4.66706586826,5.37270879186,ChildeHarold'sPilgrimage4.txt,Byron
4.68285176953,4.52816177026,ChildeHarold'sPilgrimage0.txt,Byron
4.80535563082,7.77210214937,TheWorksofLordByron.Vol.218.txt,Byron
5.09440120512,9.52881485169,TheWorksofLordByron.Vol.28.txt,Byron
4.79038718291,6.50988587911,TheWorksofLordByron.Vol.29.txt,Byron
4.91175456739,7.50677785528,TheWorksofLordByron.Vol.213.txt,Byron
4.95886123118,8.83790186342,TheWorksofLordByron.Vol.210.txt,Byron
4.83062117235,5.61008773098,TheWorksofLordByron.Vol.21.txt,Byron
5.05305915207,9.20094214478,TheWorksofLordByron.Vol.215.txt,Byron
4.93966051295,8.79078248696,TheWorksofLordByron.Vol.212.txt,Byron
4.98749837218,8.35696794005,TheWorksofLordByron.Vol.23.txt,Byron
4.89851641414,7.1027223448,TheWorksofLordByron.Vol.24.txt,Byron
4.9573274811,7.9186763344,TheWorksofLordByron.Vol.217.txt,Byron
4.92796165943,7.01892593742,TheWorksofLordByron.Vol.25.txt,Byron
5.00281942842,8.47704921463,TheWorksofLordByron.Vol.26.txt,Byron
4.81332556333,7.53872867729,TheWorksofLordByron.Vol.219.txt,Byron
4.89280077698,8.84899746067,TheWorksofLordByron.Vol.27.txt,Byron
5.02076277426,7.67688843134,TheWorksofLordByron.Vol.20.txt,Byron
4.91077239253,8.22242418919,TheWorksofLordByron.Vol.214.txt,Byron
4.97995812145,7.60767604911,TheWorksofLordByron.Vol.22.txt,Byron
5.08582806921,9.13080036489,TheWorksofLordByron.Vol.211.txt,Byron
5.03812636166,8.42767100788,TheWorksofLordByron.Vol.216.txt,Byron
5.00471327573,7.42327379324,TheWorksofLordByron.Vol.220.txt,Byron
4.77733371396,8.48031985636,TheWorksofLordByron-LettersandJournals.Vol.219.txt,Byron
4.80051664753,7.23420670878,TheWorksofLordByron-LettersandJournals.Vol.223.txt,Byron
4.53714285714,7.16275179098,TheWorksofLordByron-LettersandJournals.Vol.214.txt,Byron
4.67516816143,7.60182758209,TheWorksofLordByron-LettersandJournals.Vol.25.txt,Byron
4.65042223786,7.7319002264,TheWorksofLordByron-LettersandJournals.Vol.211.txt,Byron
4.47120884708,6.89324037679,TheWorksofLordByron-LettersandJournals.Vol.21.txt,Byron
4.72912280702,8.04593023828,TheWorksofLordByron-LettersandJournals.Vol.220.txt,Byron
4.49906732237,7.44576744747,TheWorksofLordByron-LettersandJournals.Vol.215.txt,Byron
4.57820781462,7.70693135375,TheWorksofLordByron-LettersandJournals.Vol.216.txt,Byron
4.65401220783,7.7444795073,TheWorksofLordByron-LettersandJournals.Vol.213.txt,Byron
4.91835838911,7.68692478506,TheWorksofLordByron-LettersandJournals.Vol.221.txt,Byron
4.62196307094,7.5210856646,TheWorksofLordByron-LettersandJournals.Vol.29.txt,Byron
4.75331813916,7.92465880612,TheWorksofLordByron-LettersandJournals.Vol.24.txt,Byron
4.58536585366,7.27034534562,TheWorksofLordByron-LettersandJournals.Vol.210.txt,Byron
4.44063010849,6.38771280148,TheWorksofLordByron-LettersandJournals.Vol.20.txt,Byron
4.71580765908,7.37753841887,TheWorksofLordByron-LettersandJournals.Vol.23.txt,Byron
4.45697854457,6.64835357304,TheWorksofLordByron-LettersandJournals.Vol.222.txt,Byron
4.69925725861,7.35187005874,TheWorksofLordByron-LettersandJournals.Vol.26.txt,Byron
4.76607676969,8.52996710666,TheWorksofLordByron-LettersandJournals.Vol.218.txt,Byron
4.73415162455,7.54615441086,TheWorksofLordByron-LettersandJournals.Vol.28.txt,Byron
4.64117729897,8.0126365856,TheWorksofLordByron-LettersandJournals.Vol.212.txt,Byron
4.73950310559,8.53804671542,TheWorksofLordByron-LettersandJournals.Vol.217.txt,Byron
4.7156780841,7.7459148653,TheWorksofLordByron-LettersandJournals.Vol.27.txt,Byron
4.60299029744,7.17484310888,TheWorksofLordByron-LettersandJournals.Vol.22.txt,Byron
4.74043715847,6.57216680575,TheWorksofLordByron-LettersandJournals.Vol.224.txt,Byron
4.61989881956,6.23937458919,TheWorksofLordByron.Vol.611.txt,Byron
4.88561202577,7.90000057397,TheWorksofLordByron.Vol.60.txt,Byron
4.83338456809,7.88553249374,TheWorksofLordByron.Vol.613.txt,Byron
4.91956181534,7.81979257679,TheWorksofLordByron.Vol.622.txt,Byron
4.85951219512,7.91878655661,TheWorksofLordByron.Vol.621.txt,Byron
4.64049784586,6.37233348974,TheWorksofLordByron.Vol.64.txt,Byron
4.79357416348,7.3310076528,TheWorksofLordByron.Vol.628.txt,Byron
5.02319954455,9.28928376857,TheWorksofLordByron.Vol.618.txt,Byron
4.90300230947,7.7526804608,TheWorksofLordByron.Vol.625.txt,Byron
4.8091563786,6.79619122781,TheWorksofLordByron.Vol.67.txt,Byron
4.86022278117,6.93355854874,TheWorksofLordByron.Vol.624.txt,Byron
4.8113269674,7.62716626126,TheWorksofLordByron.Vol.623.txt,Byron
5.0230802729,9.35675526083,TheWorksofLordByron.Vol.63.txt,Byron
4.5394295302,5.29899883544,TheWorksofLordByron.Vol.65.txt,Byron
4.72744654963,6.57903967139,TheWorksofLordByron.Vol.617.txt,Byron
4.62183269698,6.31330905168,TheWorksofLordByron.Vol.62.txt,Byron
4.89446422791,7.51678657546,TheWorksofLordByron.Vol.610.txt,Byron
4.76185636856,7.01222599597,TheWorksofLordByron.Vol.620.txt,Byron
4.96513398295,8.51667666851,TheWorksofLordByron.Vol.616.txt,Byron
4.73454606704,6.54374066739,TheWorksofLordByron.Vol.614.txt,Byron
5.00439802089,8.93177382609,TheWorksofLordByron.Vol.630.txt,Byron
4.79435483871,7.29050994666,TheWorksofLordByron.Vol.626.txt,Byron
4.80121824395,7.18573997183,TheWorksofLordByron.Vol.66.txt,Byron
4.74386133847,6.39762483085,TheWorksofLordByron.Vol.69.txt,Byron
4.86412688031,7.15978568071,TheWorksofLordByron.Vol.629.txt,Byron
4.9307052664,8.17169526719,TheWorksofLordByron.Vol.619.txt,Byron
4.76357388316,7.19757306466,TheWorksofLordByron.Vol.615.txt,Byron
4.82677535664,7.26396782206,TheWorksofLordByron.Vol.68.txt,Byron
4.58828640945,5.84558499983,TheWorksofLordByron.Vol.61.txt,Byron
4.66288544496,6.53670314619,TheWorksofLordByron.Vol.612.txt,Byron
4.68970405813,6.75215735657,TheWorksofLordByron.Vol.627.txt,Byron
4.75450843514,7.20314330742,TheWorksofLordByron.Vol.513.txt,Byron
4.61424569828,6.28542439589,TheWorksofLordByron.Vol.511.txt,Byron
4.62615101289,6.27796768395,TheWorksofLordByron.Vol.523.txt,Byron
4.70644966847,5.79785429374,TheWorksofLordByron.Vol.524.txt,Byron
4.61222660452,6.52577481542,TheWorksofLordByron.Vol.521.txt,Byron
4.55305091333,6.22779729848,TheWorksofLordByron.Vol.519.txt,Byron
4.55694857629,5.34351493763,TheWorksofLordByron.Vol.58.txt,Byron
4.84227287965,7.60579694547,TheWorksofLordByron.Vol.50.txt,Byron
4.85066840561,7.8156224131,TheWorksofLordByron.Vol.525.txt,Byron
4.91245791246,6.98102069546,TheWorksofLordByron.Vol.528.txt,Byron
4.65610944528,5.89202639777,TheWorksofLordByron.Vol.512.txt,Byron
4.61260137243,5.60134699601,TheWorksofLordByron.Vol.56.txt,Byron
4.59196934355,5.63934892891,TheWorksofLordByron.Vol.514.txt,Byron
4.60967050107,6.47436824164,TheWorksofLordByron.Vol.518.txt,Byron
4.64508928571,6.63903820598,TheWorksofLordByron.Vol.517.txt,Byron
4.48973230656,5.39646525017,TheWorksofLordByron.Vol.57.txt,Byron
4.77727802765,6.98720771792,TheWorksofLordByron.Vol.59.txt,Byron
4.51500789889,6.0317715583,TheWorksofLordByron.Vol.520.txt,Byron
4.60439342965,5.89196010805,TheWorksofLordByron.Vol.52.txt,Byron
5.06729846449,8.8704553763,TheWorksofLordByron.Vol.527.txt,Byron
4.79066309842,7.53267712157,TheWorksofLordByron.Vol.510.txt,Byron
4.91273647748,7.18425614827,TheWorksofLordByron.Vol.526.txt,Byron
4.85603615236,7.76375004001,TheWorksofLordByron.Vol.530.txt,Byron
4.75068119891,7.12253927852,TheWorksofLordByron.Vol.516.txt,Byron
5.0067264574,9.46938216616,TheWorksofLordByron.Vol.522.txt,Byron
4.54556120454,5.37021009962,TheWorksofLordByron.Vol.54.txt,Byron
4.66181981712,6.27512226498,TheWorksofLordByron.Vol.515.txt,Byron
4.91779918195,8.27867364613,TheWorksofLordByron.Vol.55.txt,Byron
4.64699823426,5.28037509404,TheWorksofLordByron.Vol.529.txt,Byron
4.56239316239,5.69258241758,TheWorksofLordByron.Vol.51.txt,Byron
4.54786371011,5.66967944193,TheWorksofLordByron.Vol.53.txt,Byron
4.64566210046,6.14662424752,TheWorksofLordByron.Vol.423.txt,Byron
4.95821727019,8.00995475429,TheWorksofLordByron.Vol.48.txt,Byron
4.72295397366,7.4256024036,TheWorksofLordByron.Vol.40.txt,Byron
4.49374061092,5.73781557144,TheWorksofLordByron.Vol.414.txt,Byron
5.00910619221,8.53725768495,TheWorksofLordByron.Vol.422.txt,Byron
4.56610557281,6.02468295126,TheWorksofLordByron.Vol.417.txt,Byron
4.65426402739,6.99461972843,TheWorksofLordByron.Vol.41.txt,Byron
4.86781326781,8.27528265189,TheWorksofLordByron.Vol.42.txt,Byron
4.56248954325,5.53228081586,TheWorksofLordByron.Vol.412.txt,Byron
4.80190174326,8.03207707449,TheWorksofLordByron.Vol.46.txt,Byron
4.81268644999,7.87775360158,TheWorksofLordByron.Vol.45.txt,Byron
4.48791419882,5.44649976337,TheWorksofLordByron.Vol.415.txt,Byron
4.61694165674,7.11863773579,TheWorksofLordByron.Vol.44.txt,Byron
4.83679395963,8.24173052725,TheWorksofLordByron.Vol.43.txt,Byron
5.05526838966,8.68689728016,TheWorksofLordByron.Vol.411.txt,Byron
4.62548197821,6.2524022031,TheWorksofLordByron.Vol.421.txt,Byron
4.5873015873,5.84380075873,TheWorksofLordByron.Vol.47.txt,Byron
4.60012564787,6.69492929618,TheWorksofLordByron.Vol.49.txt,Byron
4.84834878331,8.49836609824,TheWorksofLordByron.Vol.424.txt,Byron
4.7560546875,7.42612078623,TheWorksofLordByron.Vol.425.txt,Byron
4.84057045551,7.66782060057,TheWorksofLordByron.Vol.420.txt,Byron
5.19644357323,11.1843424824,TheWorksofLordByron.Vol.419.txt,Byron
4.74019073569,6.96655453508,TheWorksofLordByron.Vol.418.txt,Byron
4.50638672735,5.83971691298,TheWorksofLordByron.Vol.416.txt,Byron
4.8678138942,7.8898423009,TheWorksofLordByron.Vol.413.txt,Byron
4.65142341878,5.99107855852,TheWorksofLordByron.Vol.410.txt,Byron
4.65182783019,6.08043894072,donjuan17.txt,Byron
4.58928306368,5.47246826562,donjuan4.txt,Byron
4.46870186248,4.83084802049,donjuan3.txt,Byron
4.59314586995,5.76823776574,donjuan8.txt,Byron
4.51691301876,5.68429102356,donjuan6.txt,Byron
4.51374448084,4.85611448114,donjuan5.txt,Byron
4.49397590361,5.29009179143,donjuan18.txt,Byron
4.58005680969,5.98166560682,donjuan0.txt,Byron
4.48509910167,5.26806800572,donjuan7.txt,Byron
4.61149524633,5.6437404811,donjuan10.txt,Byron
4.60580005829,5.71297028971,donjuan9.txt,Byron
4.56633380884,5.97912038506,donjuan13.txt,Byron
4.71364719905,6.16921917994,donjuan14.txt,Byron
4.46856012435,5.16849273992,donjuan2.txt,Byron
4.55786736021,5.82876793674,donjuan15.txt,Byron
4.48416418122,5.7438187935,donjuan1.txt,Byron
4.64161933887,6.14462936105,donjuan12.txt,Byron
4.5646608798,6.17022241662,donjuan16.txt,Byron
4.57708933718,6.12995492212,donjuan11.txt,Byron
4.96980834865,6.72729200633,"TheWorksofLordByron,Vol.7.Poetry27.txt",Byron
4.72786835289,7.17524731458,"TheWorksofLordByron,Vol.7.Poetry1.txt",Byron
5.02122173741,9.25386416864,"TheWorksofLordByron,Vol.7.Poetry4.txt",Byron
5.03193509408,7.95115538805,"TheWorksofLordByron,Vol.7.Poetry0.txt",Byron
5.01336772983,6.49876566723,"TheWorksofLordByron,Vol.7.Poetry24.txt",Byron
4.82042253521,7.22342698164,"TheWorksofLordByron,Vol.7.Poetry32.txt",Byron
5.59683177153,12.0456315579,"TheWorksofLordByron,Vol.7.Poetry14.txt",Byron
4.80247111682,8.39092311745,"TheWorksofLordByron,Vol.7.Poetry5.txt",Byron
5.7769537935,12.8289808464,"TheWorksofLordByron,Vol.7.Poetry15.txt",Byron
5.53763874874,12.6741482385,"TheWorksofLordByron,Vol.7.Poetry12.txt",Byron
5.09808790663,7.04129539913,"TheWorksofLordByron,Vol.7.Poetry23.txt",Byron
5.0649054885,6.95637857307,"TheWorksofLordByron,Vol.7.Poetry21.txt",Byron
5.2581163613,8.73110371765,"TheWorksofLordByron,Vol.7.Poetry19.txt",Byron
4.85163147793,7.68867558695,"TheWorksofLordByron,Vol.7.Poetry2.txt",Byron
5.09943762781,6.79578592758,"TheWorksofLordByron,Vol.7.Poetry22.txt",Byron
5.6913639644,12.14798363,"TheWorksofLordByron,Vol.7.Poetry9.txt",Byron
5.36895929416,8.532514019,"TheWorksofLordByron,Vol.7.Poetry6.txt",Byron
5.10705202312,7.13030409651,"TheWorksofLordByron,Vol.7.Poetry29.txt",Byron
5.07880580958,6.71722084955,"TheWorksofLordByron,Vol.7.Poetry25.txt",Byron
5.889943074,11.5356065315,"TheWorksofLordByron,Vol.7.Poetry8.txt",Byron
5.38965153115,10.8077931823,"TheWorksofLordByron,Vol.7.Poetry16.txt",Byron
4.81439393939,7.98111880752,"TheWorksofLordByron,Vol.7.Poetry3.txt",Byron
5.40161182001,9.61207084525,"TheWorksofLordByron,Vol.7.Poetry11.txt",Byron
5.71997374754,10.7972792991,"TheWorksofLordByron,Vol.7.Poetry7.txt",Byron
5.10842586545,8.27613325762,"TheWorksofLordByron,Vol.7.Poetry17.txt",Byron
4.83705677393,7.56200494778,"TheWorksofLordByron,Vol.7.Poetry31.txt",Byron
4.95645501631,9.43804974841,"TheWorksofLordByron,Vol.7.Poetry13.txt",Byron
5.00384354511,6.173436151,"TheWorksofLordByron,Vol.7.Poetry26.txt",Byron
5.20646067416,7.07143900098,"TheWorksofLordByron,Vol.7.Poetry20.txt",Byron
5.97032546267,11.5053432072,"TheWorksofLordByron,Vol.7.Poetry10.txt",Byron
5.13031843725,7.23542155275,"TheWorksofLordByron,Vol.7.Poetry28.txt",Byron
5.06192536506,7.357538299,"TheWorksofLordByron,Vol.7.Poetry30.txt",Byron
5.57852941176,10.3609981309,"TheWorksofLordByron,Vol.7.Poetry18.txt",Byron
4.58791399341,6.27749546611,achild'shistoryofengland11.txt,Dickens
4.51528111913,5.56987429051,achild'shistoryofengland7.txt,Dickens
4.54720936326,5.51683554675,achild'shistoryofengland4.txt,Dickens
4.53415929204,5.72208288462,achild'shistoryofengland8.txt,Dickens
4.57407920244,5.72551711965,achild'shistoryofengland3.txt,Dickens
4.60360602799,5.3050448585,achild'shistoryofengland0.txt,Dickens
4.59851169383,5.88663550956,achild'shistoryofengland10.txt,Dickens
4.55790985814,5.56030781552,achild'shistoryofengland5.txt,Dickens
4.52025084923,5.80936774195,achild'shistoryofengland12.txt,Dickens
4.52904691185,5.72812265436,achild'shistoryofengland9.txt,Dickens
4.5508350156,5.58340253293,achild'shistoryofengland2.txt,Dickens
4.62260986246,6.26989971323,achild'shistoryofengland14.txt,Dickens
4.58714549126,5.96406376009,achild'shistoryofengland13.txt,Dickens
4.58026192703,5.45323559422,achild'shistoryofengland1.txt,Dickens
4.5484373568,5.75950053684,achild'shistoryofengland6.txt,Dickens
4.60012033694,6.30667948967,thehauntedmanandtheghost'sbargain0.txt,Dickens
4.4566870248,5.5413486339,thehauntedmanandtheghost'sbargain3.txt,Dickens
4.3352970054,5.07941187937,thehauntedmanandtheghost'sbargain2.txt,Dickens
4.63083013733,6.30541909549,thehauntedmanandtheghost'sbargain1.txt,Dickens
4.30210970464,4.71946345079,thehauntedmanandtheghost'sbargain4.txt,Dickens
4.58885736394,5.88767766721,themagicfishbone0.txt,Dickens
4.55131295192,5.52778405366,achristmascarol2.txt,Dickens
4.55252869214,5.65695910693,achristmascarol1.txt,Dickens
4.59879969992,6.03229147623,achristmascarol0.txt,Dickens
4.3609828496,4.93861265747,achristmascarol3.txt,Dickens
4.45989917507,6.01580895053,ataleoftwocities8.txt,Dickens
4.53499335187,6.3513200465,ataleoftwocities12.txt,Dickens
4.58546635036,6.2769415938,ataleoftwocities3.txt,Dickens
4.66450867052,6.76707181892,ataleoftwocities4.txt,Dickens
4.59898242368,6.24624390486,ataleoftwocities10.txt,Dickens
4.48089737894,5.75938180042,ataleoftwocities1.txt,Dickens
4.46839605407,6.20347731742,ataleoftwocities5.txt,Dickens
4.59105006646,5.92734649888,ataleoftwocities11.txt,Dickens
4.41838243658,5.89456079616,ataleoftwocities13.txt,Dickens
4.56795821693,6.39482839864,ataleoftwocities0.txt,Dickens
4.67410615145,6.16796241583,ataleoftwocities9.txt,Dickens
4.56792657892,5.96449774147,ataleoftwocities7.txt,Dickens
4.4313484252,5.55453333595,ataleoftwocities14.txt,Dickens
4.50700280112,5.9087356394,ataleoftwocities15.txt,Dickens
4.50958070334,6.08512970806,ataleoftwocities6.txt,Dickens
4.64246139337,6.78478960223,ataleoftwocities2.txt,Dickens
4.71673918022,6.76230536263,thepickwickpapers13.txt,Dickens
4.69302157406,6.44637487333,thepickwickpapers23.txt,Dickens
4.79956371102,7.14513841332,thepickwickpapers16.txt,Dickens
4.69220292816,6.51977915337,thepickwickpapers31.txt,Dickens
4.65861922914,6.35384818328,thepickwickpapers17.txt,Dickens
4.72464146023,6.70445204903,thepickwickpapers34.txt,Dickens
4.66626186796,6.93542117996,thepickwickpapers6.txt,Dickens
4.9584042812,7.99243087996,thepickwickpapers7.txt,Dickens
4.83407106113,7.67993019404,thepickwickpapers26.txt,Dickens
4.85615312353,7.42040958031,thepickwickpapers21.txt,Dickens
4.92150210576,8.31032267614,thepickwickpapers1.txt,Dickens
4.87517354537,7.3829268665,thepickwickpapers15.txt,Dickens
4.65185185185,6.54816489015,thepickwickpapers8.txt,Dickens
5.25843599357,10.4605890629,thepickwickpapers0.txt,Dickens
4.80519818064,7.10514583738,thepickwickpapers33.txt,Dickens
4.92882388787,7.72287093497,thepickwickpapers2.txt,Dickens
4.7790453711,6.80874641971,thepickwickpapers11.txt,Dickens
4.7563305709,7.00370114177,thepickwickpapers3.txt,Dickens
4.8436473857,7.41978469919,thepickwickpapers9.txt,Dickens
4.7887526096,6.77606557157,thepickwickpapers35.txt,Dickens
4.84086946414,7.34005467291,thepickwickpapers22.txt,Dickens
5.03838174274,9.68780171238,thepickwickpapers4.txt,Dickens
4.81924624954,7.07539923662,thepickwickpapers20.txt,Dickens
4.72373393802,6.84202450877,thepickwickpapers27.txt,Dickens
4.81501618123,7.3286714297,thepickwickpapers14.txt,Dickens
4.8009569378,6.53078027808,thepickwickpapers18.txt,Dickens
4.81031592521,7.03920231184,thepickwickpapers32.txt,Dickens
4.743339254,6.65496451096,thepickwickpapers28.txt,Dickens
4.79673430184,6.59568577966,thepickwickpapers29.txt,Dickens
4.70520560428,6.51755207381,thepickwickpapers25.txt,Dickens
4.73532488667,6.7877627025,thepickwickpapers10.txt,Dickens
4.76590936125,6.8305150634,thepickwickpapers24.txt,Dickens
4.67309007982,6.4121050586,thepickwickpapers12.txt,Dickens
4.77350576721,7.10297077738,thepickwickpapers19.txt,Dickens
4.63683229132,6.30611580919,thepickwickpapers30.txt,Dickens
4.86175771971,7.32451116751,thepickwickpapers36.txt,Dickens
4.86533403472,8.01658582817,thepickwickpapers5.txt,Dickens
4.74013652667,7.4795587409,themysteryofedwindrood5.txt,Dickens
4.76183609709,7.87717331384,themysteryofedwindrood2.txt,Dickens
4.76681774809,7.58047580789,themysteryofedwindrood3.txt,Dickens
4.86685229718,8.50328210337,themysteryofedwindrood1.txt,Dickens
4.80286425903,7.5572218361,themysteryofedwindrood0.txt,Dickens
4.64360687023,6.95038737066,themysteryofedwindrood6.txt,Dickens
4.71637265711,7.60274261488,themysteryofedwindrood11.txt,Dickens
4.78117761794,7.44796559671,themysteryofedwindrood9.txt,Dickens
4.74888217523,7.63429745711,themysteryofedwindrood10.txt,Dickens
4.63641922465,6.99242592403,themysteryofedwindrood8.txt,Dickens
4.79217687075,7.77594514164,themysteryofedwindrood7.txt,Dickens
4.73878657779,7.72272029015,themysteryofedwindrood4.txt,Dickens
4.51529895124,6.00390194619,martinchuzzlewit33.txt,Dickens
4.62993710692,6.99059825976,martinchuzzlewit37.txt,Dickens
4.49564065776,6.39239269382,martinchuzzlewit4.txt,Dickens
4.50932489912,6.13388445911,martinchuzzlewit29.txt,Dickens
4.636919716,6.80938618484,martinchuzzlewit5.txt,Dickens
4.53822629969,6.4941491418,martinchuzzlewit9.txt,Dickens
4.69584913611,7.15382114171,martinchuzzlewit2.txt,Dickens
4.69885165221,6.97199680607,martinchuzzlewit19.txt,Dickens
4.61467996289,6.669440046,martinchuzzlewit7.txt,Dickens
4.66598996895,6.66030979854,martinchuzzlewit15.txt,Dickens
4.3321460374,5.244670625,martinchuzzlewit34.txt,Dickens
4.55946882217,6.10375026638,martinchuzzlewit13.txt,Dickens
4.5709655789,6.60555905414,martinchuzzlewit30.txt,Dickens
4.64819277108,6.32675683224,martinchuzzlewit24.txt,Dickens
4.56197664819,6.18791947056,martinchuzzlewit23.txt,Dickens
4.53359726086,6.16243450616,martinchuzzlewit8.txt,Dickens
4.44202316779,5.72292299969,martinchuzzlewit26.txt,Dickens
4.56403750689,6.58815933663,martinchuzzlewit14.txt,Dickens
4.53432240921,6.37441701397,martinchuzzlewit22.txt,Dickens
4.4597008501,5.93802819289,martinchuzzlewit10.txt,Dickens
4.50350116706,5.9514383852,martinchuzzlewit17.txt,Dickens
4.57536429872,6.55631433841,martinchuzzlewit18.txt,Dickens
4.56554701485,6.42622651467,martinchuzzlewit3.txt,Dickens
4.71146376651,6.76202062075,martinchuzzlewit12.txt,Dickens
4.4883497221,6.0388808252,martinchuzzlewit36.txt,Dickens
4.52669486681,5.99845835223,martinchuzzlewit25.txt,Dickens
4.6384489986,6.41858438811,martinchuzzlewit16.txt,Dickens
4.58945955018,6.31722550242,martinchuzzlewit27.txt,Dickens
4.52879250447,6.26267374711,martinchuzzlewit1.txt,Dickens
4.49149888143,6.33184404463,martinchuzzlewit21.txt,Dickens
4.42518886007,5.51529237806,martinchuzzlewit35.txt,Dickens
4.56524773203,6.23646574646,martinchuzzlewit20.txt,Dickens
4.52593003887,6.18782711416,martinchuzzlewit31.txt,Dickens
4.73400927624,7.0750881203,martinchuzzlewit6.txt,Dickens
4.47938488968,5.98659157524,martinchuzzlewit28.txt,Dickens
4.37071853052,5.32300245535,martinchuzzlewit32.txt,Dickens
4.69702705712,6.64082523635,martinchuzzlewit11.txt,Dickens
4.74614435534,7.24753011962,martinchuzzlewit0.txt,Dickens
4.61571443885,5.97141254966,barnabyrudge-ataleoftheriotsof'eighty18.txt,Dickens
4.58643227406,6.12962993867,barnabyrudge-ataleoftheriotsof'eighty11.txt,Dickens
4.56675218061,5.61933781881,barnabyrudge-ataleoftheriotsof'eighty22.txt,Dickens
4.65023474178,6.74209823404,barnabyrudge-ataleoftheriotsof'eighty27.txt,Dickens
4.64090419806,6.01981444771,barnabyrudge-ataleoftheriotsof'eighty17.txt,Dickens
4.58681688954,6.04724825975,barnabyrudge-ataleoftheriotsof'eighty14.txt,Dickens
4.51312079809,6.16743437625,barnabyrudge-ataleoftheriotsof'eighty20.txt,Dickens
4.65000573197,6.42816641822,barnabyrudge-ataleoftheriotsof'eighty2.txt,Dickens
4.59115962391,6.44837406585,barnabyrudge-ataleoftheriotsof'eighty0.txt,Dickens
4.59909412285,6.55818280541,barnabyrudge-ataleoftheriotsof'eighty4.txt,Dickens
4.65562700965,6.20458029607,barnabyrudge-ataleoftheriotsof'eighty16.txt,Dickens
4.65196132904,6.48165624389,barnabyrudge-ataleoftheriotsof'eighty3.txt,Dickens
4.52582489219,5.5761384243,barnabyrudge-ataleoftheriotsof'eighty21.txt,Dickens
4.58315587734,6.41561657542,barnabyrudge-ataleoftheriotsof'eighty9.txt,Dickens
4.53719008264,6.01638718569,barnabyrudge-ataleoftheriotsof'eighty25.txt,Dickens
4.59024003623,6.40562548875,barnabyrudge-ataleoftheriotsof'eighty13.txt,Dickens
4.64596670935,6.61992503912,barnabyrudge-ataleoftheriotsof'eighty23.txt,Dickens
4.53637846656,6.03225814694,barnabyrudge-ataleoftheriotsof'eighty7.txt,Dickens
4.66846153846,6.46013281257,barnabyrudge-ataleoftheriotsof'eighty1.txt,Dickens
4.48343036274,5.56785888408,barnabyrudge-ataleoftheriotsof'eighty15.txt,Dickens
4.53051191621,6.32348640957,barnabyrudge-ataleoftheriotsof'eighty5.txt,Dickens
4.71514276192,6.77418067128,barnabyrudge-ataleoftheriotsof'eighty12.txt,Dickens
4.52910994764,6.18299376213,barnabyrudge-ataleoftheriotsof'eighty26.txt,Dickens
4.48600836282,5.78039074537,barnabyrudge-ataleoftheriotsof'eighty24.txt,Dickens
4.56508406471,5.98859885344,barnabyrudge-ataleoftheriotsof'eighty19.txt,Dickens
4.57294312535,6.39800873268,barnabyrudge-ataleoftheriotsof'eighty8.txt,Dickens
4.53394283312,5.85602064791,barnabyrudge-ataleoftheriotsof'eighty10.txt,Dickens
4.54090909091,5.96845290222,barnabyrudge-ataleoftheriotsof'eighty6.txt,Dickens
4.71383531157,7.12871146912,picturesfromitaly2.txt,Dickens
4.71542144729,7.16205073717,picturesfromitaly1.txt,Dickens
4.746313765,7.15216057236,picturesfromitaly5.txt,Dickens
4.75532550269,7.32648980444,picturesfromitaly0.txt,Dickens
4.69857453035,6.8257693047,picturesfromitaly3.txt,Dickens
4.72014351615,6.87207400221,picturesfromitaly6.txt,Dickens
4.70839626833,7.01607930981,picturesfromitaly4.txt,Dickens
4.66058906031,6.73180646053,americannotes6.txt,Dickens
4.65008368979,6.96980051378,americannotes4.txt,Dickens
4.60230911031,6.584791873,americannotes7.txt,Dickens
4.64862368372,6.5202184289,americannotes8.txt,Dickens
4.66243308492,6.95888985945,americannotes9.txt,Dickens
4.74204421533,7.4347411311,americannotes0.txt,Dickens
4.72384169884,7.1646791293,americannotes1.txt,Dickens
4.69646444355,6.80147820677,americannotes3.txt,Dickens
4.6443559355,6.96793812104,americannotes5.txt,Dickens
4.72728132388,7.70526568357,americannotes2.txt,Dickens
4.53285383396,5.58862422479,thebattleoflife2.txt,Dickens
4.59339117122,5.92868925133,thebattleoflife1.txt,Dickens
4.66887966805,6.28766669586,thebattleoflife0.txt,Dickens
4.39931494502,5.57384013646,thebattleoflife3.txt,Dickens
4.7183169819,7.47506704376,theuncommercialtraveller8.txt,Dickens
4.63430265927,7.54261351443,theuncommercialtraveller7.txt,Dickens
4.66347368421,7.51543587414,theuncommercialtraveller1.txt,Dickens
4.59527559055,7.36342033121,theuncommercialtraveller4.txt,Dickens
4.58980022086,6.9046108135,theuncommercialtraveller3.txt,Dickens
4.69671794872,7.57495076155,theuncommercialtraveller11.txt,Dickens
4.61731699784,6.9654620347,theuncommercialtraveller12.txt,Dickens
4.74681782021,7.77995009152,theuncommercialtraveller10.txt,Dickens
4.59179134654,7.11451354336,theuncommercialtraveller2.txt,Dickens
4.70246036085,7.62679293984,theuncommercialtraveller9.txt,Dickens
4.83346203346,8.19702624502,theuncommercialtraveller14.txt,Dickens
4.4998064641,6.61971350169,theuncommercialtraveller6.txt,Dickens
4.77477093544,7.86167988892,theuncommercialtraveller13.txt,Dickens
4.64868483979,7.24398502167,theuncommercialtraveller5.txt,Dickens
4.58346028292,6.67640504549,theuncommercialtraveller0.txt,Dickens
4.47204359673,6.86424451521,greatexpectations10.txt,Dickens
4.3009343896,5.55503620148,greatexpectations18.txt,Dickens
4.25750538122,5.71104580427,greatexpectations14.txt,Dickens
4.41440261866,6.54693352841,greatexpectations11.txt,Dickens
4.39433189417,6.1706587459,greatexpectations3.txt,Dickens
4.40169604999,6.28209956702,greatexpectations2.txt,Dickens
4.2140903621,5.57812091481,greatexpectations19.txt,Dickens
4.43749322346,6.26585500361,greatexpectations12.txt,Dickens
4.43965239781,6.80067644568,greatexpectations4.txt,Dickens
4.35411392405,6.1261989194,greatexpectations1.txt,Dickens
4.36543878657,6.37667948563,greatexpectations6.txt,Dickens
4.37466457961,6.47070323088,greatexpectations9.txt,Dickens
4.49734819786,6.77242747682,greatexpectations7.txt,Dickens
4.42569710224,6.3488365246,greatexpectations8.txt,Dickens
4.23529411765,5.67967989618,greatexpectations13.txt,Dickens
4.35695006748,6.32066589651,greatexpectations5.txt,Dickens
4.41172781436,6.36976836078,greatexpectations15.txt,Dickens
4.30259783699,5.71529320589,greatexpectations16.txt,Dickens
4.33583333333,5.72031183804,greatexpectations17.txt,Dickens
4.29142857143,4.87435139573,greatexpectations20.txt,Dickens
4.34441446303,5.99546345514,greatexpectations0.txt,Dickens
4.73035535536,6.95456335763,ourmutualfriend12.txt,Dickens
4.47073058308,6.13092838171,ourmutualfriend36.txt,Dickens
4.40602957907,5.80405966917,ourmutualfriend32.txt,Dickens
4.51777618707,6.29171356021,ourmutualfriend14.txt,Dickens
4.59178630266,6.46850731834,ourmutualfriend19.txt,Dickens
4.55415403275,5.92468100732,ourmutualfriend20.txt,Dickens
4.54948335247,6.00851678437,ourmutualfriend15.txt,Dickens
4.73566723591,7.43640245214,ourmutualfriend6.txt,Dickens
4.56032642812,6.59043987334,ourmutualfriend13.txt,Dickens
4.50476650175,6.08346146792,ourmutualfriend30.txt,Dickens
4.63244878957,7.22282310295,ourmutualfriend2.txt,Dickens
4.60853523552,6.31918421336,ourmutualfriend22.txt,Dickens
4.52489556283,6.0732566089,ourmutualfriend37.txt,Dickens
4.63800848515,6.79256990084,ourmutualfriend0.txt,Dickens
4.36157095559,6.22104416347,ourmutualfriend18.txt,Dickens
4.62246326102,7.16889228694,ourmutualfriend29.txt,Dickens
4.58014705882,6.76818039264,ourmutualfriend25.txt,Dickens
4.55929774274,6.61297284648,ourmutualfriend4.txt,Dickens
4.39365147916,6.25642443656,ourmutualfriend17.txt,Dickens
4.46314309153,5.94721735845,ourmutualfriend8.txt,Dickens
4.48172479694,5.80004824919,ourmutualfriend28.txt,Dickens
4.53666997027,6.24125209872,ourmutualfriend16.txt,Dickens
4.55170359781,6.7306160656,ourmutualfriend1.txt,Dickens
4.50686403247,6.44960068268,ourmutualfriend34.txt,Dickens
4.49890186106,6.21002769569,ourmutualfriend35.txt,Dickens
4.71187440982,7.04588424441,ourmutualfriend5.txt,Dickens
4.61161665053,6.51799051142,ourmutualfriend38.txt,Dickens
4.57600204892,6.40665250819,ourmutualfriend10.txt,Dickens
4.43396003311,5.710426523,ourmutualfriend27.txt,Dickens
4.42608799904,5.65032173278,ourmutualfriend3.txt,Dickens
4.69373154667,7.06632526762,ourmutualfriend9.txt,Dickens
4.54228092935,6.36383490055,ourmutualfriend21.txt,Dickens
4.55864276569,6.5411245503,ourmutualfriend26.txt,Dickens
4.52195301931,6.43208258131,ourmutualfriend7.txt,Dickens
4.38723721856,5.62049397097,ourmutualfriend24.txt,Dickens
4.51299511974,6.06166425185,ourmutualfriend23.txt,Dickens
4.59040333797,6.62414343299,ourmutualfriend31.txt,Dickens
4.5178843673,6.11951942693,ourmutualfriend33.txt,Dickens
4.64808085396,6.78528138176,ourmutualfriend11.txt,Dickens
4.54824038982,6.27152468121,littledorrit8.txt,Dickens
4.45270870337,6.36125834436,littledorrit32.txt,Dickens
4.4558134345,5.55864324518,littledorrit7.txt,Dickens
4.55148514851,6.51033171421,littledorrit15.txt,Dickens
4.40680696808,6.08564953162,littledorrit34.txt,Dickens
4.47811550152,6.45909139207,littledorrit24.txt,Dickens
4.65863885604,6.66399767397,littledorrit25.txt,Dickens
4.58616285258,6.85788813826,littledorrit11.txt,Dickens
4.66294741494,7.2255720432,littledorrit21.txt,Dickens
4.40156300182,6.31271276019,littledorrit29.txt,Dickens
4.66408768536,7.01170748033,littledorrit22.txt,Dickens
4.61068351522,6.48249154792,littledorrit19.txt,Dickens
4.65994854202,6.7785308004,littledorrit4.txt,Dickens
4.5921096999,6.92387208868,littledorrit16.txt,Dickens
4.58113623828,6.45350554907,littledorrit2.txt,Dickens
4.54572064161,6.5181962634,littledorrit30.txt,Dickens
4.52607784761,6.2687563508,littledorrit31.txt,Dickens
4.61405490905,7.16741373665,littledorrit27.txt,Dickens
4.48404895666,6.11793556578,littledorrit35.txt,Dickens
4.66352476984,7.4540196255,littledorrit26.txt,Dickens
4.51735443754,6.65723497217,littledorrit3.txt,Dickens
4.56701030928,6.66943027211,littledorrit9.txt,Dickens
4.457002457,5.53448579989,littledorrit36.txt,Dickens
4.51124606388,6.35045274925,littledorrit17.txt,Dickens
4.56345123258,6.35447924433,littledorrit14.txt,Dickens
4.44648553514,6.13055172859,littledorrit33.txt,Dickens
4.54774022801,6.53421661743,littledorrit6.txt,Dickens
4.64415355846,7.44354639842,littledorrit28.txt,Dickens
4.47023153252,5.94657211531,littledorrit1.txt,Dickens
4.6029342723,6.55590170715,littledorrit0.txt,Dickens
4.54762392462,6.4468764596,littledorrit18.txt,Dickens
4.48061934948,6.2448696226,littledorrit10.txt,Dickens
4.6097027972,6.69892453192,littledorrit13.txt,Dickens
4.47483257723,6.26041222756,littledorrit12.txt,Dickens
4.52961027651,6.33711986987,littledorrit23.txt,Dickens
4.61773853717,6.97105998662,littledorrit20.txt,Dickens
4.59452852154,6.87702210275,littledorrit5.txt,Dickens
4.21398002853,5.48557570817,hunteddown-thedetectivestoriesofcharlesdickens1.txt,Dickens
4.3521902378,5.99911586817,hunteddown-thedetectivestoriesofcharlesdickens0.txt,Dickens
4.50288724547,6.83846684027,threeghoststories1.txt,Dickens
4.66426290306,7.65576270359,threeghoststories0.txt,Dickens
4.39336492891,6.76860093245,threeghoststories2.txt,Dickens
4.52556753038,6.33835551436,hardtimes8.txt,Dickens
4.64372061786,7.13074697489,hardtimes6.txt,Dickens
4.68634351232,7.57292996418,hardtimes9.txt,Dickens
4.60031829033,6.58989530568,hardtimes2.txt,Dickens
4.57613211467,6.38092813545,hardtimes10.txt,Dickens
4.56178257934,6.41818585976,hardtimes3.txt,Dickens
4.87568306011,7.85406420376,hardtimes4.txt,Dickens
4.7173231091,7.11199199633,hardtimes11.txt,Dickens
4.70488157456,7.08571571384,hardtimes7.txt,Dickens
4.67132482394,7.20515541423,hardtimes5.txt,Dickens
4.77241693218,7.30839124438,hardtimes1.txt,Dickens
4.90798911699,7.94997450873,hardtimes0.txt,Dickens
4.64897567988,6.12598834676,olivertwist8.txt,Dickens
4.73784455223,6.52923136864,olivertwist1.txt,Dickens
4.59422049539,6.11899027269,olivertwist4.txt,Dickens
4.63076923077,6.18456910974,olivertwist2.txt,Dickens
4.68076923077,6.40968100642,olivertwist9.txt,Dickens
4.66944785276,5.98472113331,olivertwist5.txt,Dickens
4.57886480319,5.77769045269,olivertwist18.txt,Dickens
4.67749477052,6.05460420792,olivertwist3.txt,Dickens
4.64872031358,6.01229687484,olivertwist10.txt,Dickens
4.53710868801,5.57229187386,olivertwist13.txt,Dickens
4.54963170817,5.64513345883,olivertwist16.txt,Dickens
4.65082767655,5.6503366779,olivertwist7.txt,Dickens
4.56062096862,5.82059213568,olivertwist11.txt,Dickens
4.5518783542,5.67974152339,olivertwist17.txt,Dickens
4.72279428973,6.8793797159,olivertwist0.txt,Dickens
4.57752559516,5.87219654126,olivertwist15.txt,Dickens
4.64564263323,6.29503211456,olivertwist14.txt,Dickens
4.55399462497,5.57710865923,olivertwist6.txt,Dickens
4.72152540226,6.22021196581,olivertwist12.txt,Dickens
4.51013891106,5.6328818555,theoldcuriosityshop23.txt,Dickens
4.55259243519,5.92912195777,theoldcuriosityshop4.txt,Dickens
4.62768522578,5.97920056034,theoldcuriosityshop16.txt,Dickens
4.5701897019,6.02697334866,theoldcuriosityshop9.txt,Dickens
4.4514317799,5.41545869775,theoldcuriosityshop3.txt,Dickens
4.53761178327,5.5806822167,theoldcuriosityshop13.txt,Dickens
4.52874449339,5.90797419179,theoldcuriosityshop1.txt,Dickens
4.52271313006,6.07712123478,theoldcuriosityshop21.txt,Dickens
4.66311897827,6.56851526808,theoldcuriosityshop11.txt,Dickens
4.62810559006,6.28575019894,theoldcuriosityshop8.txt,Dickens
4.70635769459,6.8718100622,theoldcuriosityshop18.txt,Dickens
4.62713367324,6.33229993092,theoldcuriosityshop20.txt,Dickens
4.61332462443,6.20125520588,theoldcuriosityshop14.txt,Dickens
4.43592880979,5.92019078812,theoldcuriosityshop0.txt,Dickens
4.58150436821,5.84700577073,theoldcuriosityshop5.txt,Dickens
4.47329888028,5.60152666333,theoldcuriosityshop22.txt,Dickens
4.76159718144,6.94949991524,theoldcuriosityshop15.txt,Dickens
4.64951351351,6.57084255712,theoldcuriosityshop12.txt,Dickens
4.58773554079,6.31988878234,theoldcuriosityshop2.txt,Dickens
4.65964499572,6.68737568403,theoldcuriosityshop10.txt,Dickens
4.65127353267,6.60813604545,theoldcuriosityshop19.txt,Dickens
4.55439856373,5.84271317366,theoldcuriosityshop17.txt,Dickens
4.56185181225,5.84414763971,theoldcuriosityshop6.txt,Dickens
4.56020504237,6.08423331221,theoldcuriosityshop7.txt,Dickens
4.2280058651,4.25685266027,achild'sdreamofastar0.txt,Dickens
4.36122249919,6.24528998593,davidcopperfield2.txt,Dickens
4.43166185933,6.4526133036,davidcopperfield21.txt,Dickens
4.5302228105,6.94034406508,davidcopperfield24.txt,Dickens
4.31412009187,5.80396489785,davidcopperfield5.txt,Dickens
4.42437065972,6.34805060769,davidcopperfield4.txt,Dickens
4.31564305585,5.39613194063,davidcopperfield19.txt,Dickens
4.45391360137,6.37088405114,davidcopperfield9.txt,Dickens
4.58993281198,8.22783871547,davidcopperfield30.txt,Dickens
4.45937992643,6.84076627513,davidcopperfield11.txt,Dickens
4.39445896498,6.3411445342,davidcopperfield27.txt,Dickens
4.38430891817,6.24746933488,davidcopperfield20.txt,Dickens
4.46446049872,6.45853169236,davidcopperfield0.txt,Dickens
4.4409858706,6.30710451032,davidcopperfield22.txt,Dickens
4.35553651746,5.75041434744,davidcopperfield34.txt,Dickens
4.44165863067,6.94722279516,davidcopperfield12.txt,Dickens
4.41953199618,6.16928532125,davidcopperfield37.txt,Dickens
4.33672711846,6.0345663342,davidcopperfield8.txt,Dickens
4.5846706318,7.18561908062,davidcopperfield32.txt,Dickens
4.49613445378,7.07049715807,davidcopperfield18.txt,Dickens
4.35539845758,6.09521027507,davidcopperfield1.txt,Dickens
4.2925108356,5.43075943096,davidcopperfield31.txt,Dickens
4.33448380875,6.23379450255,davidcopperfield3.txt,Dickens
4.39431396786,6.28965523565,davidcopperfield26.txt,Dickens
4.47860798362,7.06172884313,davidcopperfield16.txt,Dickens
4.58937920718,7.59339434635,davidcopperfield23.txt,Dickens
4.36674391657,5.90542092801,davidcopperfield38.txt,Dickens
4.4974025974,7.24276844489,davidcopperfield17.txt,Dickens
4.53452802192,6.93490927778,davidcopperfield33.txt,Dickens
4.45621562156,6.34184990839,davidcopperfield36.txt,Dickens
4.43407260289,6.29269017659,davidcopperfield28.txt,Dickens
4.52499465926,6.88437680266,davidcopperfield35.txt,Dickens
4.39079251629,6.18196503989,davidcopperfield13.txt,Dickens
4.42789622939,6.96478474385,davidcopperfield15.txt,Dickens
4.4172352262,6.15037686079,davidcopperfield10.txt,Dickens
4.44440654843,6.31584022765,davidcopperfield14.txt,Dickens
4.44674239177,6.59592015526,davidcopperfield25.txt,Dickens
4.36856136342,6.53440287204,davidcopperfield7.txt,Dickens
4.36199957636,6.05515151446,davidcopperfield6.txt,Dickens
4.3321720196,5.58096071082,davidcopperfield29.txt,Dickens
4.44173894869,6.33191570484,bleakhouse4.txt,Dickens
4.43896134414,6.26322449098,bleakhouse10.txt,Dickens
4.35842018651,5.81698938454,bleakhouse35.txt,Dickens
4.61432076734,7.18910442984,bleakhouse0.txt,Dickens
4.38072129701,5.78047099964,bleakhouse19.txt,Dickens
4.3243583868,5.84057997101,bleakhouse36.txt,Dickens
4.4419744642,6.26193877577,bleakhouse1.txt,Dickens
4.34509099079,5.98448269591,bleakhouse15.txt,Dickens
4.67483870968,7.17346936922,bleakhouse17.txt,Dickens
4.49323659616,6.77538162745,bleakhouse29.txt,Dickens
4.23755681188,5.63258489491,bleakhouse31.txt,Dickens
4.33268571429,5.78769595219,bleakhouse28.txt,Dickens
4.32319004525,6.04679783242,bleakhouse37.txt,Dickens
4.56903626483,7.42449810616,bleakhouse24.txt,Dickens
4.64136400794,7.10460510026,bleakhouse7.txt,Dickens
4.63010435572,6.86724563857,bleakhouse6.txt,Dickens
4.37432553957,6.10022439047,bleakhouse38.txt,Dickens
4.58416547789,6.75346698867,bleakhouse32.txt,Dickens
4.266503146,5.72877651857,bleakhouse23.txt,Dickens
4.36105653787,6.28289760645,bleakhouse27.txt,Dickens
4.62467956187,6.89710906291,bleakhouse12.txt,Dickens
4.55446977923,6.39860725081,bleakhouse13.txt,Dickens
4.47658235508,6.48380763565,bleakhouse26.txt,Dickens
4.51063602352,6.28946885992,bleakhouse33.txt,Dickens
4.27851239669,5.743272092,bleakhouse22.txt,Dickens
4.56487656488,6.48780434645,bleakhouse16.txt,Dickens
4.5629694133,6.87593318032,bleakhouse3.txt,Dickens
4.44183564568,6.35456835676,bleakhouse14.txt,Dickens
4.60816777042,6.95341600452,bleakhouse11.txt,Dickens
4.70060220429,7.30455531913,bleakhouse25.txt,Dickens
4.39551650332,5.90314798973,bleakhouse2.txt,Dickens
4.56173421301,6.58014036437,bleakhouse21.txt,Dickens
4.51691027419,6.84598481877,bleakhouse5.txt,Dickens
4.4475187633,6.36535542691,bleakhouse18.txt,Dickens
4.45208152645,6.19807221454,bleakhouse9.txt,Dickens
4.417422065,6.48179262383,bleakhouse8.txt,Dickens
4.52159177873,6.3099153317,bleakhouse30.txt,Dickens
4.42813496281,6.12662694498,bleakhouse39.txt,Dickens
4.53556085919,6.06401752762,bleakhouse20.txt,Dickens
4.38964309175,5.80797768931,bleakhouse34.txt,Dickens
4.61616818379,6.44288151154,dombeyandson18.txt,Dickens
4.44286960314,5.65009962622,dombeyandson27.txt,Dickens
4.54705882353,6.321348634,dombeyandson37.txt,Dickens
4.53227931489,6.06539034604,dombeyandson28.txt,Dickens
4.61955959888,6.34780596814,dombeyandson20.txt,Dickens
4.67172652104,6.88679246433,dombeyandson0.txt,Dickens
4.68495348091,6.94886341762,dombeyandson23.txt,Dickens
4.51431097359,6.27104296297,dombeyandson31.txt,Dickens
4.58388473853,6.33221972415,dombeyandson25.txt,Dickens
4.54361908875,6.03324456194,dombeyandson34.txt,Dickens
4.55730659026,6.49186603913,dombeyandson38.txt,Dickens
4.63587074387,6.55365513046,dombeyandson35.txt,Dickens
4.63349514563,6.22734975988,dombeyandson10.txt,Dickens
4.59786000892,6.47230842851,dombeyandson2.txt,Dickens
4.62421185372,5.89935409958,dombeyandson7.txt,Dickens
4.54775528169,6.06484804751,dombeyandson11.txt,Dickens
4.62445462478,6.04821613103,dombeyandson14.txt,Dickens
4.51296360888,5.66730285554,dombeyandson32.txt,Dickens
4.64241622575,6.78932843527,dombeyandson6.txt,Dickens
4.7152303523,6.75638661486,dombeyandson4.txt,Dickens
4.61113636364,6.19448899152,dombeyandson13.txt,Dickens
4.57258064516,6.75365313403,dombeyandson26.txt,Dickens
4.53294143744,5.79148268365,dombeyandson22.txt,Dickens
4.7188077634,6.50162658534,dombeyandson3.txt,Dickens
4.61418333512,6.43895585042,dombeyandson24.txt,Dickens
4.66651184394,6.54258762232,dombeyandson1.txt,Dickens
4.53916152096,5.97850412895,dombeyandson29.txt,Dickens
4.62265582656,6.36659420341,dombeyandson8.txt,Dickens
4.69889247808,6.82982685679,dombeyandson16.txt,Dickens
4.59967248908,6.15733147914,dombeyandson19.txt,Dickens
4.48441558442,6.56217553578,dombeyandson39.txt,Dickens
4.60101567675,6.04638077242,dombeyandson30.txt,Dickens
4.52030968289,6.13654653115,dombeyandson36.txt,Dickens
4.6955244123,6.50409661656,dombeyandson5.txt,Dickens
4.53688879273,6.02189991579,dombeyandson12.txt,Dickens
4.51981972754,5.90298247108,dombeyandson9.txt,Dickens
4.6734647632,6.44928333683,dombeyandson17.txt,Dickens
4.51081438976,6.08105509213,dombeyandson21.txt,Dickens
4.68798211291,6.29652930201,dombeyandson15.txt,Dickens
4.45573262506,6.15266110128,dombeyandson33.txt,Dickens
4.81127060074,7.22823398286,nicholasnickleby1.txt,Dickens
4.4189328389,5.78028228538,nicholasnickleby35.txt,Dickens
4.65842207718,6.44847378106,nicholasnickleby26.txt,Dickens
4.57472503774,6.18750302479,nicholasnickleby27.txt,Dickens
4.79158137155,7.04894255333,nicholasnickleby5.txt,Dickens
4.72617039224,7.0372102192,nicholasnickleby29.txt,Dickens
4.78058444775,7.08844528067,nicholasnickleby13.txt,Dickens
4.81386586285,7.44154618876,nicholasnickleby9.txt,Dickens
4.68199631166,6.56180147826,nicholasnickleby22.txt,Dickens
4.6826727338,6.92444104726,nicholasnickleby24.txt,Dickens
4.51807359307,5.75116156618,nicholasnickleby34.txt,Dickens
4.78922473466,7.18448293414,nicholasnickleby8.txt,Dickens
4.73732828044,6.88705366884,nicholasnickleby4.txt,Dickens
4.61542100284,6.1444528801,nicholasnickleby11.txt,Dickens
4.70963349597,6.77166955472,nicholasnickleby20.txt,Dickens
4.8433411215,7.51149905876,nicholasnickleby16.txt,Dickens
4.65530948325,6.30782548655,nicholasnickleby37.txt,Dickens
4.60705831719,6.13289325023,nicholasnickleby32.txt,Dickens
4.78648947951,7.38601746777,nicholasnickleby21.txt,Dickens
4.66164758586,6.03447663795,nicholasnickleby3.txt,Dickens
4.81404129794,7.13794301222,nicholasnickleby10.txt,Dickens
4.69814585909,6.39817927901,nicholasnickleby6.txt,Dickens
4.69493628059,6.62009955324,nicholasnickleby18.txt,Dickens
4.71252139888,6.82929409426,nicholasnickleby19.txt,Dickens
4.71669702489,6.64683679367,nicholasnickleby30.txt,Dickens
4.66413253149,6.04060738688,nicholasnickleby2.txt,Dickens
4.70016402406,6.559038687,nicholasnickleby28.txt,Dickens
4.75205219954,7.28763656269,nicholasnickleby0.txt,Dickens
4.70178529481,6.68176117274,nicholasnickleby12.txt,Dickens
4.76550249465,6.90615444035,nicholasnickleby7.txt,Dickens
4.60303639205,6.08980656583,nicholasnickleby33.txt,Dickens
4.69277623424,6.85109882157,nicholasnickleby25.txt,Dickens
4.61952524239,6.09062184324,nicholasnickleby36.txt,Dickens
4.76099495314,7.10967659678,nicholasnickleby17.txt,Dickens
4.82192617942,7.31103122398,nicholasnickleby15.txt,Dickens
4.58942092354,6.18080957291,nicholasnickleby31.txt,Dickens
4.87133742911,7.53573041006,nicholasnickleby14.txt,Dickens
4.76942032387,6.92124292177,nicholasnickleby23.txt,Dickens
4.62305751096,6.50879878003,holidayromance0.txt,Dickens
4.69057068564,6.18661104849,holidayromance1.txt,Dickens
4.37527839644,5.28710276522,somechristmasstories2.txt,Dickens
4.496119629,6.53055758682,somechristmasstories0.txt,Dickens
4.45273154076,6.08110768035,somechristmasstories1.txt,Dickens
4.60457001351,6.26701052093,thechimes2.txt,Dickens
4.5393957346,5.87163270142,thechimes3.txt,Dickens
4.65693666523,6.45872490345,thechimes0.txt,Dickens
4.65247283211,6.42551290405,thechimes1.txt,Dickens
4.44775596073,5.39362176014,"ThreeSeries,Complete3.txt",Dickinson
4.4178343949,5.21115045361,"ThreeSeries,Complete4.txt",Dickinson
4.43602362205,5.44454368438,"ThreeSeries,Complete5.txt",Dickinson
4.50662349132,5.74531830726,"ThreeSeries,Complete0.txt",Dickinson
4.55063075349,5.37780741238,"ThreeSeries,Complete1.txt",Dickinson
4.33969053616,5.08039313674,"ThreeSeries,Complete9.txt",Dickinson
4.44962884411,5.0141797984,"ThreeSeries,Complete10.txt",Dickinson
4.38039071139,5.31468908033,"ThreeSeries,Complete7.txt",Dickinson
4.38400576369,5.1548287769,"ThreeSeries,Complete8.txt",Dickinson
4.57781550651,6.02210606728,"ThreeSeries,Complete2.txt",Dickinson
4.53121967001,5.52483407827,"ThreeSeries,Complete6.txt",Dickinson
4.45196850394,5.21500478792,TwoSeries3.txt,Dickinson
4.9347826087,6.14954610607,TwoSeries4.txt,Dickinson
4.46736375158,5.51367304799,TwoSeries2.txt,Dickinson
4.59739155089,6.26724220144,TwoSeries0.txt,Dickinson
4.40120903595,5.20785340728,TwoSeries1.txt,Dickinson
4.42410147992,5.04721921136,OneSeries2.txt,Dickinson
4.54672103296,5.35803054316,OneSeries1.txt,Dickinson
4.5274469939,5.8199175651,OneSeries0.txt,Dickinson
4.66094727435,6.84587361091,Nature1.txt,Emerson
4.65561486348,6.82615623314,Nature0.txt,Emerson
4.5988372093,7.28161170228,Essays3.txt,Emerson
5.29911735861,9.13202799309,Essays7.txt,Emerson
4.68353174603,7.48520906438,Essays4.txt,Emerson
4.64802408001,7.18052896582,Essays6.txt,Emerson
5.05647161827,7.24038900813,Essays8.txt,Emerson
4.77830319889,7.93591644553,Essays5.txt,Emerson
4.56962138884,7.44499540621,Essays2.txt,Emerson
4.79679432014,7.84799832929,Essays0.txt,Emerson
5.1824496019,7.97738085035,Essays9.txt,Emerson
4.54550582926,6.98532911882,Essays1.txt,Emerson
4.71435288586,7.10015018959,DaisyMiller1.txt,James
4.75101430707,7.44461398591,DaisyMiller2.txt,James
4.69491942428,7.02527069048,DaisyMiller0.txt,James
4.46568451312,6.75867496562,TheTurnoftheScrew1.txt,James
4.34820707944,5.7260625715,TheTurnoftheScrew3.txt,James
4.39432513847,6.42699986279,TheTurnoftheScrew2.txt,James
4.39138405133,6.47656458451,TheTurnoftheScrew0.txt,James
4.3229065475,6.23539240537,TheTurnoftheScrew4.txt,James
4.62712338996,7.1079396941,TheGoldenBowl7.txt,James
4.68216973244,7.453588184,TheGoldenBowl3.txt,James
4.58072578227,6.7897984334,TheGoldenBowl0.txt,James
4.60457167272,6.87962016156,TheGoldenBowl2.txt,James
4.67654676259,7.02315000801,TheGoldenBowl16.txt,James
4.62619875645,6.71112215316,TheGoldenBowl13.txt,James
4.708,7.20802458776,TheGoldenBowl14.txt,James
4.66580921758,6.79086645304,TheGoldenBowl6.txt,James
4.55142413257,6.46946529088,TheGoldenBowl15.txt,James
4.62010039517,6.72224921017,TheGoldenBowl1.txt,James
4.6522383321,6.88582294235,TheGoldenBowl9.txt,James
4.61076322715,6.82678920687,TheGoldenBowl12.txt,James
4.64798476038,6.81771528063,TheGoldenBowl17.txt,James
4.62811729241,6.6075534994,TheGoldenBowl20.txt,James
4.67458851192,7.07953560794,TheGoldenBowl11.txt,James
4.71417917405,7.28730872158,TheGoldenBowl8.txt,James
4.65712633709,7.03624282068,TheGoldenBowl5.txt,James
4.64537228824,6.57777977035,TheGoldenBowl19.txt,James
4.63584452014,7.10563018041,TheGoldenBowl4.txt,James
4.66360756036,6.91971674807,TheGoldenBowl10.txt,James
4.71840659341,6.87490615209,TheGoldenBowl18.txt,James
4.63501144165,6.26180773668,PortraitofaLadyV110.txt,James
4.66292573436,7.05736340879,PortraitofaLadyV19.txt,James
4.62849029815,6.83273689933,PortraitofaLadyV13.txt,James
4.57384468795,6.34177680685,PortraitofaLadyV17.txt,James
4.48962046551,5.93262791508,PortraitofaLadyV18.txt,James
4.64145234493,6.359638188,PortraitofaLadyV112.txt,James
4.62743926722,7.31154811689,PortraitofaLadyV10.txt,James
4.57640385706,6.53622555052,PortraitofaLadyV15.txt,James
4.60969976905,6.71378821072,PortraitofaLadyV12.txt,James
4.63643186448,6.56681754798,PortraitofaLadyV111.txt,James
4.63493757336,6.60876429439,PortraitofaLadyV11.txt,James
4.50340695489,6.12664800826,PortraitofaLadyV16.txt,James
4.57978977544,6.72269745909,PortraitofaLadyV14.txt,James
4.64379779099,7.10836938832,TheAmbassadors1.txt,James
4.39108455882,5.61939634043,TheAmbassadors17.txt,James
4.50047174756,6.49431200222,TheAmbassadors16.txt,James
4.5659915424,6.77455392491,TheAmbassadors7.txt,James
4.5701754386,6.66581355284,TheAmbassadors4.txt,James
4.55065985526,6.56188248099,TheAmbassadors13.txt,James
4.55852136342,6.56271185222,TheAmbassadors10.txt,James
4.64159655243,7.09257021628,TheAmbassadors3.txt,James
4.48333149961,6.06533062524,TheAmbassadors8.txt,James
4.60672767747,6.78359851754,TheAmbassadors2.txt,James
4.57113796817,6.54606970775,TheAmbassadors9.txt,James
4.68737882005,7.81343164217,TheAmbassadors0.txt,James
4.53384253819,6.57042582548,TheAmbassadors11.txt,James
4.53002372696,6.37616338358,TheAmbassadors15.txt,James
4.61070944419,6.54643596709,TheAmbassadors5.txt,James
4.5465777389,6.63736007471,TheAmbassadors12.txt,James
4.52706794235,6.31228201488,TheAmbassadors14.txt,James
4.62324234905,7.04654070106,TheAmbassadors6.txt,James
4.51488860326,6.09704665069,PortraitofaLadyV29.txt,James
4.23422605538,4.95510415778,PortraitofaLadyV212.txt,James
4.50957275292,6.19591762456,PortraitofaLadyV22.txt,James
4.56332581373,6.05779108646,PortraitofaLadyV210.txt,James
4.56115361978,6.35271729392,PortraitofaLadyV26.txt,James
4.5111827957,6.28108796529,PortraitofaLadyV27.txt,James
4.50205519671,5.84222621964,PortraitofaLadyV21.txt,James
4.44261598896,5.6349260928,PortraitofaLadyV211.txt,James
4.56750246359,6.32037174017,PortraitofaLadyV24.txt,James
4.59010111762,6.39881620225,PortraitofaLadyV20.txt,James
4.43942946463,5.87351697783,PortraitofaLadyV25.txt,James
4.48931649156,5.98427191765,PortraitofaLadyV23.txt,James
4.47509695856,6.11283287311,PortraitofaLadyV28.txt,James
4.72264309764,6.90426061513,ulysses9.txt,Joyce
4.66062626848,5.63383008475,ulysses8.txt,Joyce
4.77523151782,5.64397669286,ulysses11.txt,Joyce
4.64134520277,6.54303271394,ulysses26.txt,Joyce
4.65441832788,5.81255970476,ulysses1.txt,Joyce
4.68475573867,5.77039979611,ulysses2.txt,Joyce
4.95822835168,7.11881192716,ulysses22.txt,Joyce
4.83119730185,5.7483603473,ulysses12.txt,Joyce
4.60145940071,5.18539538535,ulysses0.txt,Joyce
4.66221072301,5.59749787221,ulysses5.txt,Joyce
4.9494626779,6.7611347875,ulysses23.txt,Joyce
4.58664472137,5.01900562497,ulysses3.txt,Joyce
5.34576757532,9.46349332416,ulysses28.txt,Joyce
4.7652818576,5.43286834878,ulysses13.txt,Joyce
4.7706609092,7.26049707994,ulysses14.txt,Joyce
4.78486975799,7.05440754424,ulysses19.txt,Joyce
4.76902669541,7.06123618353,ulysses6.txt,Joyce
4.36297313535,4.58025636142,ulysses17.txt,Joyce
5.53358384218,9.58715099685,ulysses29.txt,Joyce
5.20560024752,7.50267016417,ulysses24.txt,Joyce
5.44163812785,9.75883116802,ulysses30.txt,Joyce
4.62714265477,5.22763381515,ulysses4.txt,Joyce
4.88830943068,7.67849419697,ulysses27.txt,Joyce
5.24227101994,8.0362247507,ulysses21.txt,Joyce
4.6802919708,5.55831698495,ulysses7.txt,Joyce
4.7403567617,5.83513686569,ulysses10.txt,Joyce
4.75445848589,6.91903132437,ulysses25.txt,Joyce
3.90024449878,3.96182402852,ulysses31.txt,Joyce
4.52055961071,5.53078542716,ulysses15.txt,Joyce
3.91543496622,4.08439060373,ulysses32.txt,Joyce
4.93986666667,7.17934122772,ulysses20.txt,Joyce
4.53820960699,5.7686021004,ulysses16.txt,Joyce
4.44081632653,5.51210206338,ulysses18.txt,Joyce
4.5045421946,5.14492855907,dubliners6.txt,Joyce
4.49678297451,5.47090909013,dubliners4.txt,Joyce
4.42201646091,5.30701599726,dubliners1.txt,Joyce
4.29313951056,5.19457483024,dubliners0.txt,Joyce
4.48589801444,5.48011251854,dubliners2.txt,Joyce
4.43628934625,5.16591158086,dubliners7.txt,Joyce
4.6105349345,6.06530185657,dubliners5.txt,Joyce
4.39796144472,5.17811883552,dubliners3.txt,Joyce
4.44257528557,5.41902005742,portraitoftheartistasayoungman6.txt,Joyce
4.36975446429,4.80611714029,portraitoftheartistasayoungman2.txt,Joyce
4.44838529027,5.23065033749,portraitoftheartistasayoungman4.txt,Joyce
4.27883692223,4.08643683637,portraitoftheartistasayoungman1.txt,Joyce
4.45322927271,5.21548759098,portraitoftheartistasayoungman3.txt,Joyce
4.56662961591,5.62577857241,portraitoftheartistasayoungman8.txt,Joyce
4.45772856502,5.14828020347,portraitoftheartistasayoungman9.txt,Joyce
4.56928838951,5.8453996184,portraitoftheartistasayoungman7.txt,Joyce
4.4750261233,5.27939505105,portraitoftheartistasayoungman5.txt,Joyce
4.23162045281,4.04391542494,portraitoftheartistasayoungman0.txt,Joyce
4.35712327515,6.20036211302,LetterstoHisFamilyandFriends11.txt,Keats
4.50959589939,7.07683327731,LetterstoHisFamilyandFriends3.txt,Keats
4.51727563749,7.3309832593,LetterstoHisFamilyandFriends9.txt,Keats
4.49704650413,7.57053370342,LetterstoHisFamilyandFriends4.txt,Keats
4.32401297394,7.31681593003,LetterstoHisFamilyandFriends10.txt,Keats
4.31867388363,6.75092626445,LetterstoHisFamilyandFriends12.txt,Keats
4.538906824,7.47229481908,LetterstoHisFamilyandFriends2.txt,Keats
4.31868266405,6.22792567962,LetterstoHisFamilyandFriends13.txt,Keats
4.39010049177,6.94916318887,LetterstoHisFamilyandFriends6.txt,Keats
4.4320754717,7.13129800602,LetterstoHisFamilyandFriends7.txt,Keats
4.600762687,8.14541235647,LetterstoHisFamilyandFriends0.txt,Keats
4.75852941176,6.13732057872,LetterstoHisFamilyandFriends15.txt,Keats
4.43097502351,7.80525282222,LetterstoHisFamilyandFriends1.txt,Keats
4.46977811783,7.21151001854,LetterstoHisFamilyandFriends5.txt,Keats
4.76312217195,6.73025320526,LetterstoHisFamilyandFriends16.txt,Keats
4.46901138769,7.31618836945,LetterstoHisFamilyandFriends8.txt,Keats
4.54593356243,6.54171409733,LetterstoHisFamilyandFriends14.txt,Keats
4.67035573123,6.43658321775,Publishedin18200.txt,Keats
4.58227050858,5.25082892272,Publishedin18201.txt,Keats
4.59107860011,5.46251113024,Publishedin18203.txt,Keats
4.67851373183,8.60036283598,Publishedin18206.txt,Keats
4.68963029757,5.55282354656,Publishedin18202.txt,Keats
4.62912049376,7.1811720799,Publishedin18204.txt,Keats
4.61868406441,7.63453076842,Publishedin18205.txt,Keats
4.61859432017,5.10299916625,Poems18170.txt,Keats
4.62589285714,5.79468195455,Poems18172.txt,Keats
4.56734756566,5.27960339362,Poems18171.txt,Keats
4.63039042307,5.98867629653,Endymion2.txt,Keats
4.69781718963,5.77018216333,Endymion1.txt,Keats
4.73448028674,5.85091159894,Endymion0.txt,Keats
4.43193823649,5.23408522545,Endymion4.txt,Keats
4.62430535244,5.42574820103,Endymion3.txt,Keats
4.72312223859,5.47368363963,Lamia0.txt,Keats
4.47935022026,5.56047304264,WhiteFang3.txt,London
4.48354059985,5.43898987449,WhiteFang7.txt,London
4.43072955048,5.48981194122,WhiteFang2.txt,London
4.53663741997,5.75894450815,WhiteFang5.txt,London
4.56102216096,5.82466932623,WhiteFang6.txt,London
4.47393894267,5.32371804002,WhiteFang4.txt,London
4.49394011407,5.43216767033,WhiteFang0.txt,London
4.49067852749,5.56831647122,WhiteFang1.txt,London
4.38730853392,4.27729471381,CalloftheWild3.txt,London
4.50266034633,5.50214559215,CalloftheWild0.txt,London
4.49061457837,5.1588360526,CalloftheWild1.txt,London
4.52720894956,5.42061164611,CalloftheWild2.txt,London
4.48361450456,6.35835652587,TheBeastintheJungle0.txt,London
4.38984488609,5.60863761986,TheBeastintheJungle1.txt,London
4.50297590009,6.30817322746,MartinEden2.txt,London
4.46414382201,6.01689241281,MartinEden3.txt,London
4.66124751161,6.93921038912,MartinEden10.txt,London
4.71853430775,7.30448641107,MartinEden8.txt,London
4.59946438136,6.71559859888,MartinEden11.txt,London
4.45120783229,6.0135034899,MartinEden13.txt,London
4.49039807962,6.00685987953,MartinEden12.txt,London
4.43865328585,5.65075268649,MartinEden5.txt,London
4.54295930171,6.34809645827,MartinEden4.txt,London
4.59796109679,6.78560934291,MartinEden9.txt,London
4.54390768629,6.36936777006,MartinEden0.txt,London
4.45919881306,5.76064007028,MartinEden14.txt,London
4.44563076604,5.63438039983,MartinEden1.txt,London
4.48521560575,6.16088623547,MartinEden7.txt,London
4.4891073057,6.08047010897,MartinEden6.txt,London
4.54924068109,5.83614371056,TheHouseofPride0.txt,London
4.4704200355,6.08190770246,TheHouseofPride2.txt,London
4.37900056148,6.6523452927,TheHouseofPride3.txt,London
4.57336760925,6.3151894499,TheHouseofPride1.txt,London
4.5062560154,6.2102014998,SeaWolf4.txt,London
4.55884707766,6.91416253812,SeaWolf1.txt,London
4.649790014,7.09423283421,SeaWolf6.txt,London
4.63248912195,7.01912733404,SeaWolf0.txt,London
4.49347064444,6.21579405868,SeaWolf5.txt,London
4.47809060119,6.45024502535,SeaWolf7.txt,London
4.53875039115,6.73172900372,SeaWolf3.txt,London
4.47421875,6.64471978248,SeaWolf8.txt,London
4.50628531888,6.71088897925,SeaWolf9.txt,London
4.44518027962,6.08709464978,SeaWolf11.txt,London
4.50394272671,6.67773686587,SeaWolf2.txt,London
4.44673001677,6.50926507748,SeaWolf10.txt,London
4.47576351919,6.14314035431,TheScarletPlague1.txt,London
4.48016701461,4.74385269171,TheScarletPlague2.txt,London
4.55305360281,6.20810448312,TheScarletPlague0.txt,London
4.65952602711,7.32765893492,TheIronHeel2.txt,London
4.65889583554,6.8642418074,TheIronHeel8.txt,London
4.53197612449,6.6658039828,TheIronHeel5.txt,London
4.61315971422,6.72955827597,TheIronHeel3.txt,London
4.59595857027,6.95331767555,TheIronHeel7.txt,London
4.81725721785,7.1468486067,TheIronHeel4.txt,London
4.51371540534,6.63710518979,TheIronHeel1.txt,London
4.76622907383,7.84380277431,TheIronHeel0.txt,London
4.49112233263,6.25419781152,TheIronHeel9.txt,London
4.83713355049,7.35386038937,TheIronHeel6.txt,London
4.56906989543,5.12005600227,SouthSeaTales5.txt,London
4.57819307498,6.17167438629,SouthSeaTales3.txt,London
4.46040614591,5.41544806198,SouthSeaTales0.txt,London
4.53165442462,5.66856994213,SouthSeaTales4.txt,London
4.29579035406,5.14140328095,SouthSeaTales2.txt,London
4.48747996795,5.5108118798,SouthSeaTales1.txt,London
4.94821162444,8.6885361132,"whitejacket;or,theworldonaman-of-war0.txt",Melville
4.87006383209,8.13340691001,"whitejacket;or,theworldonaman-of-war11.txt",Melville
4.88148739592,7.77411195578,"whitejacket;or,theworldonaman-of-war13.txt",Melville
4.88908105615,8.31426383487,"whitejacket;or,theworldonaman-of-war9.txt",Melville
4.81572783045,7.91606229093,"whitejacket;or,theworldonaman-of-war10.txt",Melville
4.86128851541,8.54171617908,"whitejacket;or,theworldonaman-of-war7.txt",Melville
4.79176836033,7.76923878979,"whitejacket;or,theworldonaman-of-war2.txt",Melville
4.85750555379,8.48297291377,"whitejacket;or,theworldonaman-of-war1.txt",Melville
4.81301078784,7.79938170357,"whitejacket;or,theworldonaman-of-war5.txt",Melville
4.90818608812,8.17018463017,"whitejacket;or,theworldonaman-of-war8.txt",Melville
4.82645631068,7.70098375557,"whitejacket;or,theworldonaman-of-war14.txt",Melville
4.80200876162,7.75893590888,"whitejacket;or,theworldonaman-of-war4.txt",Melville
4.78325179201,8.1431605216,"whitejacket;or,theworldonaman-of-war3.txt",Melville
4.9082529929,8.33805330492,"whitejacket;or,theworldonaman-of-war6.txt",Melville
4.69061121613,7.4003298648,"whitejacket;or,theworldonaman-of-war12.txt",Melville
4.72185752492,8.07728721024,"whitejacket;or,theworldonaman-of-war15.txt",Melville
4.69080935856,7.9151383171,theconfidence-man-hismasquerade8.txt,Melville
4.68180547792,7.03095332959,theconfidence-man-hismasquerade4.txt,Melville
4.79553014553,7.70712213289,theconfidence-man-hismasquerade6.txt,Melville
4.82590998953,7.84698618915,theconfidence-man-hismasquerade5.txt,Melville
4.81013880507,7.90081462342,theconfidence-man-hismasquerade3.txt,Melville
4.72464589235,7.60776173146,theconfidence-man-hismasquerade1.txt,Melville
4.25,47.8648648649,theconfidence-man-hismasquerade11.txt,Melville
4.92723909357,7.772688383,theconfidence-man-hismasquerade0.txt,Melville
4.59208244057,6.41583118341,theconfidence-man-hismasquerade9.txt,Melville
4.73336346176,7.6744336463,theconfidence-man-hismasquerade7.txt,Melville
4.80997482316,7.83570864445,theconfidence-man-hismasquerade2.txt,Melville
4.58328530259,7.1709218779,theconfidence-man-hismasquerade10.txt,Melville
4.70645502646,7.77137329277,"bartleby,thescrivener-astoryofwallstreet0.txt",Melville
4.65072257277,7.35395764146,"bartleby,thescrivener-astoryofwallstreet1.txt",Melville
4.87605520568,7.16863455712,"mardi-andavoyagethither,vol.II9.txt",Melville
4.79997343605,7.46078108325,"mardi-andavoyagethither,vol.II2.txt",Melville
4.87213881368,7.36764950491,"mardi-andavoyagethither,vol.II7.txt",Melville
4.817310253,6.65965503624,"mardi-andavoyagethither,vol.II0.txt",Melville
4.81208145415,7.0399961727,"mardi-andavoyagethither,vol.II4.txt",Melville
4.7379457559,6.57868803122,"mardi-andavoyagethither,vol.II11.txt",Melville
4.78071079063,6.01488093708,"mardi-andavoyagethither,vol.II12.txt",Melville
4.83910891089,7.32972014674,"mardi-andavoyagethither,vol.II13.txt",Melville
4.98694444444,7.50142697288,"mardi-andavoyagethither,vol.II3.txt",Melville
4.98741054864,8.26133916529,"mardi-andavoyagethither,vol.II10.txt",Melville
4.80159223784,6.55393625521,"mardi-andavoyagethither,vol.II1.txt",Melville
4.8464888405,6.67195309815,"mardi-andavoyagethither,vol.II6.txt",Melville
4.92728882145,6.55383724198,"mardi-andavoyagethither,vol.II8.txt",Melville
4.85873297809,7.31720374738,"mardi-andavoyagethither,vol.II5.txt",Melville
4.82452097987,7.42693533752,israelpotter6.txt,Melville
4.83965146543,6.89676167118,israelpotter0.txt,Melville
4.74631997421,6.55835605621,israelpotter3.txt,Melville
4.75030127742,6.73359337674,israelpotter1.txt,Melville
4.70654409096,6.72442244915,israelpotter4.txt,Melville
4.90966010733,7.2573255834,israelpotter7.txt,Melville
4.85517394687,7.09940992138,israelpotter5.txt,Melville
4.78417266187,7.41738184495,israelpotter2.txt,Melville
4.53081797235,6.21988549504,typee10.txt,Melville
4.64949065374,6.96358010652,typee2.txt,Melville
4.77459625483,7.54441205705,typee3.txt,Melville
4.7963697679,7.85923491058,typee9.txt,Melville
4.42527472527,5.34405572437,typee11.txt,Melville
4.85947251862,7.89789828209,typee6.txt,Melville
4.90904537714,7.8013838111,typee0.txt,Melville
4.80577246219,7.70357284383,typee5.txt,Melville
4.79149640008,7.57109825682,typee1.txt,Melville
4.81476238625,7.48373391562,typee4.txt,Melville
4.88983050847,8.14234480417,typee8.txt,Melville
4.85917829609,7.71342907293,typee7.txt,Melville
4.73628876818,5.94989740556,battle-piecesandaspectsofthewar4.txt,Melville
4.76335099878,5.87568817728,battle-piecesandaspectsofthewar0.txt,Melville
4.73203435994,5.79133946906,battle-piecesandaspectsofthewar3.txt,Melville
5.04748354971,8.73146956461,battle-piecesandaspectsofthewar5.txt,Melville
4.68098681412,5.42767075541,battle-piecesandaspectsofthewar2.txt,Melville
4.81903569192,6.23634737889,battle-piecesandaspectsofthewar1.txt,Melville
4.88033786954,5.64819814914,johnmarrandotherpoems1.txt,Melville
4.5871778211,5.19609205524,johnmarrandotherpoems3.txt,Melville
4.89990121831,7.20025357167,johnmarrandotherpoems2.txt,Melville
4.85513556303,6.94496421855,johnmarrandotherpoems0.txt,Melville
5.21664392906,9.38318360271,johnmarrandotherpoems4.txt,Melville
4.60569679849,6.57646665979,"mardi-andavoyagethither,vol.I0.txt",Melville
4.80147965475,6.46073169832,"mardi-andavoyagethither,vol.I11.txt",Melville
4.81485137655,6.50059994774,"mardi-andavoyagethither,vol.I2.txt",Melville
4.79434353285,6.63009723725,"mardi-andavoyagethither,vol.I6.txt",Melville
4.60161365762,5.62012603573,"mardi-andavoyagethither,vol.I5.txt",Melville
4.86376440461,6.63427395652,"mardi-andavoyagethither,vol.I9.txt",Melville
4.77768219245,6.59990500076,"mardi-andavoyagethither,vol.I10.txt",Melville
4.81156222418,7.31106126877,"mardi-andavoyagethither,vol.I3.txt",Melville
4.86770931326,7.08293225655,"mardi-andavoyagethither,vol.I8.txt",Melville
4.70146185473,6.26083624081,"mardi-andavoyagethither,vol.I4.txt",Melville
4.629232131,6.21185757121,"mardi-andavoyagethither,vol.I1.txt",Melville
4.84517118038,6.82948095958,"mardi-andavoyagethither,vol.I7.txt",Melville
4.66909090909,6.83332114187,omoo-adventuresinthesouthseas5.txt,Melville
4.7612332696,6.80446325716,omoo-adventuresinthesouthseas7.txt,Melville
4.73831562107,7.09905631683,omoo-adventuresinthesouthseas4.txt,Melville
4.66763072652,6.54426739295,omoo-adventuresinthesouthseas3.txt,Melville
4.6082928981,6.40682214338,omoo-adventuresinthesouthseas0.txt,Melville
4.6880847706,6.59728642167,omoo-adventuresinthesouthseas2.txt,Melville
4.74232044199,6.82430006307,omoo-adventuresinthesouthseas9.txt,Melville
4.62348955392,6.54740390476,omoo-adventuresinthesouthseas1.txt,Melville
4.68138217959,6.47741223638,omoo-adventuresinthesouthseas8.txt,Melville
4.9795990566,8.05843503205,omoo-adventuresinthesouthseas6.txt,Melville
4.80129749768,7.47663902809,omoo-adventuresinthesouthseas11.txt,Melville
4.76412944394,7.03974335601,omoo-adventuresinthesouthseas10.txt,Melville
4.71814397401,6.64820955238,"mobydick,or,thewhale10.txt",Melville
4.68959512407,6.30465079396,"mobydick,or,thewhale21.txt",Melville
4.57527671662,6.73083854264,"mobydick,or,thewhale1.txt",Melville
4.73614386792,6.88830921724,"mobydick,or,thewhale13.txt",Melville
4.7580896889,6.85354407146,"mobydick,or,thewhale4.txt",Melville
4.7461057419,7.25790927015,"mobydick,or,thewhale0.txt",Melville
4.74609606642,6.62851841402,"mobydick,or,thewhale9.txt",Melville
4.62564827911,6.34721083252,"mobydick,or,thewhale2.txt",Melville
4.75906307707,7.158409542,"mobydick,or,thewhale5.txt",Melville
4.75186910825,6.76200479604,"mobydick,or,thewhale6.txt",Melville
4.74675390035,6.67936710422,"mobydick,or,thewhale8.txt",Melville
4.65578696508,6.38077972,"mobydick,or,thewhale11.txt",Melville
4.71777731356,6.36053842069,"mobydick,or,thewhale20.txt",Melville
4.5856741573,6.42420965891,"mobydick,or,thewhale3.txt",Melville
4.77282765242,6.67279721775,"mobydick,or,thewhale14.txt",Melville
4.7378220394,6.18176951168,"mobydick,or,thewhale18.txt",Melville
4.65117830147,6.28053335297,"mobydick,or,thewhale19.txt",Melville
4.81125621891,7.43394812632,"mobydick,or,thewhale17.txt",Melville
4.75733978744,7.20926389706,"mobydick,or,thewhale15.txt",Melville
4.6559184094,6.58878708916,"mobydick,or,thewhale12.txt",Melville
4.83983532641,7.13442710747,"mobydick,or,thewhale7.txt",Melville
4.63622108977,6.47492430513,"mobydick,or,thewhale16.txt",Melville
4.66298229455,7.24126926263,iandmychimney0.txt,Melville
4.66109324759,7.05430897135,iandmychimney1.txt,Melville
4.93816436164,8.19450696384,pierre;ortheambiguities10.txt,Melville
4.85149835796,7.86822520004,pierre;ortheambiguities12.txt,Melville
4.76060856965,7.4283498211,pierre;ortheambiguities13.txt,Melville
5.11832298137,9.41937641912,pierre;ortheambiguities11.txt,Melville
5.02947725586,8.29690406393,pierre;ortheambiguities15.txt,Melville
4.87010091528,7.97690432029,pierre;ortheambiguities14.txt,Melville
4.78827284549,7.51475486714,pierre;ortheambiguities8.txt,Melville
4.92705761317,8.34296572155,pierre;ortheambiguities9.txt,Melville
4.8921721099,8.00662162944,pierre;ortheambiguities4.txt,Melville
4.82992176616,7.72358905068,pierre;ortheambiguities7.txt,Melville
4.79430540075,7.30608430923,pierre;ortheambiguities3.txt,Melville
4.76162910895,6.71935456686,pierre;ortheambiguities1.txt,Melville
4.58710750269,6.8839934229,pierre;ortheambiguities5.txt,Melville
4.90335917313,7.88305156366,pierre;ortheambiguities2.txt,Melville
4.90602858919,7.84124286592,pierre;ortheambiguities0.txt,Melville
4.87253414264,8.10050516185,pierre;ortheambiguities6.txt,Melville
4.99228224917,9.18692330474,pierre;ortheambiguities16.txt,Melville
4.790531441,6.29760200722,thepiazzatales7.txt,Melville
4.70607235142,6.81291886717,thepiazzatales5.txt,Melville
4.89634544268,7.33691038909,thepiazzatales6.txt,Melville
4.76305220884,7.38924695743,thepiazzatales0.txt,Melville
4.95951507063,7.39279905291,thepiazzatales2.txt,Melville
4.94539798327,7.57292217289,thepiazzatales3.txt,Melville
4.70014426812,7.61795669395,thepiazzatales1.txt,Melville
4.9575231263,7.36318782164,thepiazzatales8.txt,Melville
4.86038135593,6.66383966809,thepiazzatales4.txt,Melville
4.62597367714,4.8501459625,ParadiseLost10.txt,Milton
4.68097222222,4.89403989366,ParadiseLost0.txt,Milton
4.57629427793,4.88435416329,ParadiseLost7.txt,Milton
4.63026924123,4.57224290316,ParadiseLost3.txt,Milton
4.67716641882,4.79111322446,ParadiseLost2.txt,Milton
4.66126396077,5.12471917592,ParadiseLost6.txt,Milton
4.69841486745,4.88908044451,ParadiseLost1.txt,Milton
4.7239488117,5.08004381398,ParadiseLost4.txt,Milton
4.68449644797,5.14494071533,ParadiseLost8.txt,Milton
4.6054881412,5.08789154213,ParadiseLost9.txt,Milton
4.78378758078,5.23847816311,ParadiseLost5.txt,Milton
3.5,0.5,ParadiseLost11.txt,Milton
4.67123287671,5.09615348479,ParadiseRegained2.txt,Milton
4.72073267852,5.66738637404,ParadiseRegained1.txt,Milton
4.57930762143,5.34695460217,ParadiseRegained0.txt,Milton
4.64970168143,6.56953205095,Areopagitica0.txt,Milton
4.62273120138,6.42889108434,Areopagitica1.txt,Milton
4.62119430289,4.85609543702,ThePoeticWorksofJohnMilton15.txt,Milton
4.54631961937,5.40245915537,ThePoeticWorksofJohnMilton20.txt,Milton
4.63848620911,4.55982218851,ThePoeticWorksofJohnMilton8.txt,Milton
4.52821400053,6.1464819156,ThePoeticWorksofJohnMilton16.txt,Milton
4.64774210389,4.85449105057,ThePoeticWorksofJohnMilton7.txt,Milton
4.69487247609,5.04000559022,ThePoeticWorksofJohnMilton11.txt,Milton
4.62448104995,5.21310539299,ThePoeticWorksofJohnMilton17.txt,Milton
4.62131340936,5.16058920289,ThePoeticWorksofJohnMilton14.txt,Milton
4.64516971279,4.96403855325,ThePoeticWorksofJohnMilton9.txt,Milton
4.17961511048,4.05969487946,ThePoeticWorksofJohnMilton4.txt,Milton
4.623233275,7.12983709434,ThePoeticWorksofJohnMilton18.txt,Milton
4.68859822962,4.94622436935,ThePoeticWorksofJohnMilton6.txt,Milton
4.68587427746,7.01223764562,ThePoeticWorksofJohnMilton0.txt,Milton
4.67299140231,7.18645204351,ThePoeticWorksofJohnMilton5.txt,Milton
4.57555068917,5.02659617635,ThePoeticWorksofJohnMilton13.txt,Milton
4.572652054,5.90793955386,ThePoeticWorksofJohnMilton2.txt,Milton
4.62130953943,5.147913298,ThePoeticWorksofJohnMilton12.txt,Milton
4.53945324635,4.82048763017,ThePoeticWorksofJohnMilton3.txt,Milton
4.57706470279,6.99331463752,ThePoeticWorksofJohnMilton1.txt,Milton
4.75173889781,5.12658560459,ThePoeticWorksofJohnMilton10.txt,Milton
4.63023522662,5.76255148676,ThePoeticWorksofJohnMilton19.txt,Milton
4.6594169893,7.23451955529,LordsoftheHousetops1.txt,Poe
4.62073778664,7.03871637655,LordsoftheHousetops3.txt,Poe
4.66127839408,6.83326907559,LordsoftheHousetops0.txt,Poe
4.42354110464,6.06554627731,LordsoftheHousetops6.txt,Poe
4.72426081094,8.116120083,LordsoftheHousetops4.txt,Poe
4.69336734694,6.40387477065,LordsoftheHousetops2.txt,Poe
4.76976906928,7.83970987468,LordsoftheHousetops5.txt,Poe
4.74713648684,7.98589705491,Poe11.txt,Poe
4.78036643293,8.24335161325,Poe14.txt,Poe
4.77084509693,7.79567132339,Poe17.txt,Poe
4.76217887219,7.54588710702,Poe10.txt,Poe
4.75696324952,7.82631285869,Poe15.txt,Poe
4.76936270085,7.53450588613,Poe16.txt,Poe
4.67191036668,7.58911920238,Poe18.txt,Poe
4.60984969619,8.33006928444,Poe13.txt,Poe
4.79199237369,8.03566854413,Poe12.txt,Poe
4.7088372093,7.06849597256,Poe29.txt,Poe
4.88985148515,8.39755861833,Poe27.txt,Poe
4.76561312045,7.96830253247,Poe20.txt,Poe
4.72329313456,8.32304617228,Poe28.txt,Poe
4.89626556017,8.48151761023,Poe26.txt,Poe
4.74332015048,7.61527830604,Poe25.txt,Poe
4.66645582964,7.48283249815,Poe24.txt,Poe
4.88185699039,8.91431483492,Poe22.txt,Poe
4.56169358693,6.74535717737,Poe21.txt,Poe
4.80494720375,8.15174241434,Poe23.txt,Poe
4.72277639235,6.40086979364,TheMasqueoftheRedDeath0.txt,Poe
4.55565142364,7.50121750814,TheCaskofAmontillado0.txt,Poe
4.65138427464,5.09598556674,antonyandcleopatra2.txt,Shakespeare
4.63822300418,5.29209785347,antonyandcleopatra3.txt,Shakespeare
4.58961150461,5.11192297055,antonyandcleopatra1.txt,Shakespeare
4.58799019608,4.79343258632,antonyandcleopatra4.txt,Shakespeare
4.55354166667,5.20738482844,antonyandcleopatra5.txt,Shakespeare
4.66223578122,5.53497503507,antonyandcleopatra0.txt,Shakespeare
4.43343782654,4.9496341864,twogentlemenofverona0.txt,Shakespeare
4.37957860616,4.74530267581,twogentlemenofverona3.txt,Shakespeare
4.35374653099,5.02213853308,twogentlemenofverona1.txt,Shakespeare
4.39492325856,4.77905707933,twogentlemenofverona2.txt,Shakespeare
4.69392185239,5.57773037348,titusandronicus0.txt,Shakespeare
4.47164948454,4.74549038281,titusandronicus3.txt,Shakespeare
4.48321911791,4.77137916094,titusandronicus2.txt,Shakespeare
4.4767598518,4.68810726959,titusandronicus1.txt,Shakespeare
4.41565249953,4.52382985975,juliuscaesar2.txt,Shakespeare
4.48025939348,4.89139771981,juliuscaesar1.txt,Shakespeare
4.53013119858,4.71845356374,juliuscaesar3.txt,Shakespeare
4.37050359712,4.43545271891,juliuscaesar4.txt,Shakespeare
4.35160928144,4.96169308631,juliuscaesar0.txt,Shakespeare
4.47671926748,4.94825953867,romeoandjuliet0.txt,Shakespeare
4.44263862333,4.93526972737,romeoandjuliet4.txt,Shakespeare
4.45572086433,4.80149339523,romeoandjuliet2.txt,Shakespeare
4.33491947291,4.5215261513,romeoandjuliet1.txt,Shakespeare
4.33770253049,4.33477090421,romeoandjuliet3.txt,Shakespeare
4.45640834575,4.94350653119,hamlet3.txt,Shakespeare
4.47262809273,4.89076466232,hamlet4.txt,Shakespeare
4.50848320326,5.7246013643,hamlet2.txt,Shakespeare
4.45342333655,5.38792471755,hamlet1.txt,Shakespeare
4.54821638573,5.47414992533,hamlet0.txt,Shakespeare
4.49174917492,4.9991038839,hamlet6.txt,Shakespeare
4.44239543726,4.93545271297,hamlet5.txt,Shakespeare
4.39838109823,5.47167352738,othello3.txt,Shakespeare
4.40996411231,4.98434326307,othello4.txt,Shakespeare
4.38672768879,4.65577614605,othello5.txt,Shakespeare
4.34537037037,4.99405153904,othello2.txt,Shakespeare
4.5010270775,5.82046028223,othello1.txt,Shakespeare
4.48684210526,5.62778344581,othello0.txt,Shakespeare
4.32629064854,5.02398158916,comedyoferrors1.txt,Shakespeare
4.42176258993,5.24338311326,comedyoferrors0.txt,Shakespeare
4.36768908363,5.04846800087,comedyoferrors2.txt,Shakespeare
4.53504442251,4.76870493508,macbeth3.txt,Shakespeare
4.60549474136,5.07705009331,macbeth0.txt,Shakespeare
4.57498348381,4.80962954268,macbeth1.txt,Shakespeare
4.49395680602,4.73197893036,macbeth2.txt,Shakespeare
4.45921450151,5.64064028939,loveslabourslost1.txt,Shakespeare
4.47227722772,5.63767455177,loveslabourslost0.txt,Shakespeare
4.48922753547,5.1932329992,loveslabourslost4.txt,Shakespeare
4.5737704918,5.1616350694,loveslabourslost3.txt,Shakespeare
4.50203431806,5.54657229394,loveslabourslost2.txt,Shakespeare
4.58716323296,5.28029486378,coriolanus2.txt,Shakespeare
4.54132147909,5.43710585237,coriolanus4.txt,Shakespeare
4.51992161986,5.25967490675,coriolanus5.txt,Shakespeare
4.53390658589,5.42442674108,coriolanus1.txt,Shakespeare
4.47920546245,5.06211923613,coriolanus3.txt,Shakespeare
4.66979753705,5.306809959,coriolanus0.txt,Shakespeare
4.42807424594,4.54124634806,kinglear5.txt,Shakespeare
4.52837407014,4.98054040426,kinglear3.txt,Shakespeare
4.46160064673,4.87926099108,kinglear4.txt,Shakespeare
4.52854368932,5.67863742041,kinglear0.txt,Shakespeare
4.46800149701,4.92804197192,kinglear2.txt,Shakespeare
4.4633710542,4.81701587758,kinglear1.txt,Shakespeare
4.56325632563,5.39349995739,timonofathens0.txt,Shakespeare
4.60694980695,5.04301019636,timonofathens2.txt,Shakespeare
4.5510373444,5.20034131838,timonofathens1.txt,Shakespeare
4.480651341,4.5424498535,timonofathens3.txt,Shakespeare
4.521023766,5.44221333609,tamingoftheshrew3.txt,Shakespeare
4.46878680801,4.82479109718,tamingoftheshrew4.txt,Shakespeare
4.39581844174,5.28619520135,tamingoftheshrew1.txt,Shakespeare
4.37371921625,5.13772703154,tamingoftheshrew0.txt,Shakespeare
4.45792266869,5.20751826208,tamingoftheshrew2.txt,Shakespeare
4.6587684657,4.76490737719,CompletePoeticalWorks7.txt,Shelly
4.58540067821,5.53978682176,CompletePoeticalWorks41.txt,Shelly
4.66328638498,5.70271834866,CompletePoeticalWorks34.txt,Shelly
5.00028985507,8.33616766165,CompletePoeticalWorks52.txt,Shelly
4.62526820649,6.35173205063,CompletePoeticalWorks11.txt,Shelly
3.94158730159,5.19226558561,CompletePoeticalWorks59.txt,Shelly
4.76665696829,6.85431656877,CompletePoeticalWorks22.txt,Shelly
4.535010415,5.08342952313,CompletePoeticalWorks9.txt,Shelly
4.51367146733,5.60602390791,CompletePoeticalWorks18.txt,Shelly
4.81105743425,6.80896146216,CompletePoeticalWorks57.txt,Shelly
4.75843473451,6.36523101662,CompletePoeticalWorks15.txt,Shelly
4.62696177062,5.72799096855,CompletePoeticalWorks39.txt,Shelly
4.77229388671,5.98030178646,CompletePoeticalWorks38.txt,Shelly
4.57879029049,5.99229831741,CompletePoeticalWorks47.txt,Shelly
4.6672151378,5.71438989844,CompletePoeticalWorks8.txt,Shelly
4.79115277093,6.50407302945,CompletePoeticalWorks23.txt,Shelly
4.61768979295,5.11793587905,CompletePoeticalWorks54.txt,Shelly
4.61142953473,5.55848003331,CompletePoeticalWorks29.txt,Shelly
4.63267998492,5.46712408871,CompletePoeticalWorks36.txt,Shelly
4.63657678781,5.76862083747,CompletePoeticalWorks44.txt,Shelly
4.70506236244,6.1628582423,CompletePoeticalWorks33.txt,Shelly
4.5465352276,4.9206266771,CompletePoeticalWorks6.txt,Shelly
4.57392265193,7.22292724866,CompletePoeticalWorks21.txt,Shelly
4.65253218884,5.69071517002,CompletePoeticalWorks53.txt,Shelly
4.61459419211,5.22617959029,CompletePoeticalWorks4.txt,Shelly
4.75903143917,6.19661031171,CompletePoeticalWorks35.txt,Shelly
4.69950738916,6.33187709334,CompletePoeticalWorks24.txt,Shelly
4.65220922677,5.59031355882,CompletePoeticalWorks32.txt,Shelly
4.78528261642,6.037088249,CompletePoeticalWorks27.txt,Shelly
4.68609134045,5.1692800486,CompletePoeticalWorks3.txt,Shelly
4.63501526829,4.99096688822,CompletePoeticalWorks5.txt,Shelly
4.98614622308,8.31058879779,CompletePoeticalWorks51.txt,Shelly
4.76490384615,5.75236257791,CompletePoeticalWorks31.txt,Shelly
4.81177552898,6.20619182299,CompletePoeticalWorks48.txt,Shelly
4.88479194432,6.26131044619,CompletePoeticalWorks50.txt,Shelly
4.58549931601,5.76933409871,CompletePoeticalWorks25.txt,Shelly
4.68082014853,6.25447786754,CompletePoeticalWorks43.txt,Shelly
4.95258672428,8.02716347612,CompletePoeticalWorks0.txt,Shelly
4.625,5.16580552262,CompletePoeticalWorks55.txt,Shelly
4.60167175695,5.4033669797,CompletePoeticalWorks37.txt,Shelly
4.54686792453,6.09898815058,CompletePoeticalWorks16.txt,Shelly
4.68177870419,6.21664673142,CompletePoeticalWorks56.txt,Shelly
4.5396514936,5.7572750697,CompletePoeticalWorks17.txt,Shelly
4.61758336942,5.33000914672,CompletePoeticalWorks45.txt,Shelly
4.44189453125,5.03911058891,CompletePoeticalWorks19.txt,Shelly
4.51644128114,4.74065362073,CompletePoeticalWorks10.txt,Shelly
4.65849120433,5.23591502987,CompletePoeticalWorks14.txt,Shelly
4.79454403741,6.40087449974,CompletePoeticalWorks28.txt,Shelly
4.70536462699,5.99016543221,CompletePoeticalWorks26.txt,Shelly
4.61506055819,5.73364252179,CompletePoeticalWorks30.txt,Shelly
4.90161359417,5.65798511374,CompletePoeticalWorks1.txt,Shelly
4.65902057164,5.01863538432,CompletePoeticalWorks13.txt,Shelly
4.55519806958,5.67982665525,CompletePoeticalWorks46.txt,Shelly
4.91334412241,6.09858147265,CompletePoeticalWorks49.txt,Shelly
4.65125628141,5.9121989576,CompletePoeticalWorks42.txt,Shelly
4.57564085536,7.49989008141,CompletePoeticalWorks58.txt,Shelly
4.59301496793,5.34743293294,CompletePoeticalWorks40.txt,Shelly
4.85559566787,6.90440664357,CompletePoeticalWorks2.txt,Shelly
4.71297577855,6.6303559122,CompletePoeticalWorks20.txt,Shelly
4.67164179104,5.36396344852,CompletePoeticalWorks12.txt,Shelly
4.68914956012,6.57392154113,modestproposal0.txt,Swift
4.70875883739,6.82629664261,ataleofatub1.txt,Swift
4.65619546248,7.00344954865,ataleofatub0.txt,Swift
4.83558515699,7.21658651992,ataleofatub4.txt,Swift
4.71260487993,6.83618465878,ataleofatub2.txt,Swift
4.6214908953,6.72127194946,ataleofatub3.txt,Swift
4.74599058869,7.16933779361,gulliver'stravels5.txt,Swift
4.59822238346,6.89397960623,gulliver'stravels6.txt,Swift
4.62128396863,6.84981234124,gulliver'stravels8.txt,Swift
4.64829806808,6.73147884021,gulliver'stravels1.txt,Swift
4.45938736878,6.35214962895,gulliver'stravels4.txt,Swift
4.60597875023,6.81276569212,gulliver'stravels7.txt,Swift
4.35778657458,6.21631760707,gulliver'stravels2.txt,Swift
4.48114256393,6.49393533487,gulliver'stravels3.txt,Swift
4.4775780841,6.28459450027,gulliver'stravels0.txt,Swift
4.64758387196,7.46597399427,gulliver'stravels9.txt,Swift
4.49043367347,5.87030010531,thebattleofthebooksandothershortpieces1.txt,Swift
4.59307530279,6.76171109426,thebattleofthebooksandothershortpieces4.txt,Swift
4.55278643129,4.62669207867,thebattleofthebooksandothershortpieces2.txt,Swift
4.60999254288,6.24663226843,thebattleofthebooksandothershortpieces3.txt,Swift
4.67509154238,6.09967694098,thebattleofthebooksandothershortpieces0.txt,Swift
4.50496790645,6.60683866631,Walden3.txt,Thoreau
4.41797518869,5.88341103079,Walden5.txt,Thoreau
4.4667882261,6.01724092536,Walden8.txt,Thoreau
4.40076942377,5.89156180339,Walden6.txt,Thoreau
4.48265921202,7.43563758986,Walden4.txt,Thoreau
4.42368057951,6.25558062207,Walden2.txt,Thoreau
4.4387640933,6.80023934002,Walden9.txt,Thoreau
4.45166083916,5.83208920745,Walden7.txt,Thoreau
4.77244444444,8.11187346777,Walden10.txt,Thoreau
4.5128318977,8.0757900347,Walden1.txt,Thoreau
4.4681726724,6.43157633678,Walden0.txt,Thoreau
4.49145566789,6.467021655,TheMaineWoods4.txt,Thoreau
4.52080042127,6.09739052929,TheMaineWoods1.txt,Thoreau
4.52761490448,6.24869350685,TheMaineWoods0.txt,Thoreau
4.42202519832,5.94321467736,TheMaineWoods5.txt,Thoreau
4.42308734532,6.0287496725,TheMaineWoods6.txt,Thoreau
5.02874664622,6.7150475466,TheMaineWoods10.txt,Thoreau
4.59595860992,6.61355781377,TheMaineWoods8.txt,Thoreau
4.51823125613,6.15589530208,TheMaineWoods2.txt,Thoreau
6.25,12.4942160965,TheMaineWoods9.txt,Thoreau
4.47055251973,6.03975126479,TheMaineWoods3.txt,Thoreau
4.37591208791,5.60371020855,TheMaineWoods7.txt,Thoreau
4.57812354421,6.26143714202,ExcursionsandPoems7.txt,Thoreau
4.62784508076,6.80770186347,ExcursionsandPoems2.txt,Thoreau
4.56063541263,6.00320083616,ExcursionsandPoems4.txt,Thoreau
4.56934164394,6.83019662506,ExcursionsandPoems6.txt,Thoreau
5.25736434109,6.54856757668,ExcursionsandPoems13.txt,Thoreau
5.18549871181,6.62831688117,ExcursionsandPoems12.txt,Thoreau
4.53685058397,6.24000731913,ExcursionsandPoems8.txt,Thoreau
4.47611089265,6.11633024746,ExcursionsandPoems5.txt,Thoreau
4.56194415719,5.97149606473,ExcursionsandPoems3.txt,Thoreau
4.55772942622,6.62275283299,ExcursionsandPoems1.txt,Thoreau
4.67112216351,6.18002401647,ExcursionsandPoems9.txt,Thoreau
4.48638755434,4.84621053993,ExcursionsandPoems11.txt,Thoreau
4.66198198198,5.81327774341,ExcursionsandPoems10.txt,Thoreau
4.68396482467,7.00923144458,ExcursionsandPoems0.txt,Thoreau
4.46785255036,6.98867814437,CivilDisobedience0.txt,Thoreau
4.44194945121,6.67465094246,roughingit7.txt,Twain
4.63316922483,7.11238106337,roughingit11.txt,Twain
4.59034330456,6.77233119425,roughingit5.txt,Twain
4.51702665888,6.50525643035,roughingit1.txt,Twain
4.4712406015,6.83880425118,roughingit16.txt,Twain
4.52046011691,6.49288638893,roughingit3.txt,Twain
4.64846909301,6.93053063636,roughingit2.txt,Twain
4.56984478936,6.77214109623,roughingit4.txt,Twain
4.55643179025,6.39577036603,roughingit8.txt,Twain
5.13868889731,11.9805103071,roughingit0.txt,Twain
4.59290444655,6.31784159651,roughingit14.txt,Twain
4.65032746623,6.93687124676,roughingit15.txt,Twain
4.61432759252,6.77089502194,roughingit12.txt,Twain
4.74606239203,7.12382214611,roughingit13.txt,Twain
4.57834814741,6.81679842972,roughingit10.txt,Twain
4.59259259259,6.61186045975,roughingit9.txt,Twain
4.50707300864,6.36619094767,roughingit6.txt,Twain
4.58345795468,6.35719066428,tomsawyer5.txt,Twain
4.53556886228,5.84560259287,tomsawyer3.txt,Twain
4.54495708155,6.23706009044,tomsawyer1.txt,Twain
4.52803013517,5.47472668984,tomsawyer4.txt,Twain
4.50632190454,5.58354968493,tomsawyer7.txt,Twain
4.48444070648,5.35283512105,tomsawyer6.txt,Twain
4.43097787295,5.1684577101,tomsawyer8.txt,Twain
4.72399107686,7.88830666442,tomsawyer0.txt,Twain
4.44175591696,5.26356697718,tomsawyer2.txt,Twain
4.32071713147,5.92912190451,kingarthur'scourt9.txt,Twain
4.45877969259,7.06770793189,kingarthur'scourt6.txt,Twain
4.46326330685,6.01005349075,kingarthur'scourt3.txt,Twain
4.34184216124,5.68613118751,kingarthur'scourt8.txt,Twain
4.37084814627,6.07913789293,kingarthur'scourt1.txt,Twain
4.38415948276,6.9207319155,kingarthur'scourt5.txt,Twain
4.4778506501,6.30661521866,kingarthur'scourt11.txt,Twain
4.36580015356,5.85180523123,kingarthur'scourt0.txt,Twain
4.51560062402,6.46536574244,kingarthur'scourt12.txt,Twain
4.4287037037,6.25397401105,kingarthur'scourt7.txt,Twain
4.33864060613,5.65008042727,kingarthur'scourt10.txt,Twain
4.34970703125,5.9066997872,kingarthur'scourt2.txt,Twain
4.39316960051,6.13509143897,kingarthur'scourt4.txt,Twain
4.18324242776,4.95260680206,huckleberryfinn9.txt,Twain
4.18097421203,4.37038534149,huckleberryfinn7.txt,Twain
4.17048589009,4.73411450129,huckleberryfinn10.txt,Twain
4.31443043003,4.81570453501,huckleberryfinn6.txt,Twain
4.03271327774,4.16965921553,huckleberryfinn1.txt,Twain
4.18317460317,4.81362310952,huckleberryfinn8.txt,Twain
4.1675931645,4.61743625329,huckleberryfinn4.txt,Twain
4.45046940758,7.51422108446,huckleberryfinn0.txt,Twain
4.04094613397,4.08419940292,huckleberryfinn2.txt,Twain
4.10386988222,4.42784569094,huckleberryfinn3.txt,Twain
4.09617847993,4.29426104298,huckleberryfinn11.txt,Twain
4.31569809008,5.77192821282,huckleberryfinn5.txt,Twain
4.5886696909,6.6063750923,thegildedage1.txt,Twain
4.64440335038,7.11646589995,thegildedage5.txt,Twain
4.57597214161,6.10518066326,thegildedage0.txt,Twain
4.71469151233,7.62711254403,thegildedage7.txt,Twain
4.67475083056,7.65818398376,thegildedage15.txt,Twain
4.46809172979,6.28221650134,thegildedage16.txt,Twain
4.49128528056,7.14266471089,thegildedage9.txt,Twain
4.64161548871,6.80065397956,thegildedage8.txt,Twain
4.56689995883,6.49094338927,thegildedage6.txt,Twain
4.54719492219,6.12657347608,thegildedage4.txt,Twain
4.52739649593,6.1934736786,thegildedage3.txt,Twain
4.52453603552,6.87980670512,thegildedage11.txt,Twain
4.67957904165,7.19146290642,thegildedage14.txt,Twain
4.44461152882,5.55197069906,thegildedage17.txt,Twain
4.71497478623,7.0776158803,thegildedage12.txt,Twain
4.66105745295,7.14979481875,thegildedage2.txt,Twain
4.46201393572,5.9298258638,thegildedage13.txt,Twain
4.51579064837,6.21071602938,thegildedage10.txt,Twain
4.68021043206,6.23948966802,princeandthepauper7.txt,Twain
4.88031723143,7.18912890362,princeandthepauper8.txt,Twain
4.64795698925,6.00940006267,princeandthepauper6.txt,Twain
4.62604661688,5.78511758162,princeandthepauper1.txt,Twain
4.65926275992,6.26436414978,princeandthepauper5.txt,Twain
4.64638020398,5.61757426947,princeandthepauper0.txt,Twain
4.61109897313,5.88217112906,princeandthepauper2.txt,Twain
4.58920587609,6.07747742743,princeandthepauper4.txt,Twain
4.71731037692,6.78220642419,princeandthepauper3.txt,Twain
4.48176881303,5.717440808,lifeonthemississippi14.txt,Twain
4.85259932375,8.27046138187,lifeonthemississippi9.txt,Twain
4.34952766532,5.63332021915,lifeonthemississippi2.txt,Twain
4.79752506934,8.04029687204,lifeonthemississippi8.txt,Twain
4.58654041947,6.53659918984,lifeonthemississippi4.txt,Twain
4.35721314702,6.35147291372,lifeonthemississippi11.txt,Twain
4.64644970414,6.63098157504,lifeonthemississippi13.txt,Twain
4.58543571665,6.9853453726,lifeonthemississippi5.txt,Twain
4.49227305291,6.33205390128,lifeonthemississippi3.txt,Twain
5.04765678062,11.0049741306,lifeonthemississippi0.txt,Twain
4.5075781664,6.77509096471,lifeonthemississippi12.txt,Twain
4.60460033306,6.99623989438,lifeonthemississippi10.txt,Twain
4.3315811173,5.69820673597,lifeonthemississippi1.txt,Twain
4.53174603175,6.72464589784,lifeonthemississippi7.txt,Twain
4.56871055854,6.63264182814,lifeonthemississippi6.txt,Twain
4.50492610837,6.52823250432,theimportanceofbeingearnest0.txt,Wilde
4.59272207214,6.55421911489,theimportanceofbeingearnest1.txt,Wilde
4.7314961766,7.39441766012,theimportanceofbeingearnest2.txt,Wilde
4.79292929293,7.4696969697,theimportanceofbeingearnest3.txt,Wilde
4.28560445897,5.11987538908,thepictureofdoriangray8.txt,Wilde
4.38552501916,5.69005326408,thepictureofdoriangray2.txt,Wilde
4.4401631913,5.60222216536,thepictureofdoriangray6.txt,Wilde
4.47304064283,6.0191601338,thepictureofdoriangray1.txt,Wilde
4.39576949689,5.63635220784,thepictureofdoriangray4.txt,Wilde
4.38236870311,5.30278972549,thepictureofdoriangray7.txt,Wilde
4.50674373796,5.89869235363,thepictureofdoriangray5.txt,Wilde
4.39173570625,5.4207909416,thepictureofdoriangray3.txt,Wilde
4.40670970473,5.78895158814,thepictureofdoriangray0.txt,Wilde
4.70252287219,7.33506664747,essaysandlectures2.txt,Wilde
4.40641877856,5.92050309749,essaysandlectures4.txt,Wilde
4.9390674168,9.04406485594,essaysandlectures1.txt,Wilde
4.50392366685,6.29477636303,essaysandlectures3.txt,Wilde
4.95412654033,8.99986309625,essaysandlectures0.txt,Wilde
6.47191011236,22.9766735243,essaysandlectures5.txt,Wilde
4.50578686307,6.37417727086,anidealhusband3.txt,Wilde
4.61469993257,6.89212270129,anidealhusband2.txt,Wilde
4.53093694755,6.21374937239,anidealhusband4.txt,Wilde
4.83017613825,7.45761010691,anidealhusband0.txt,Wilde
4.53957869946,6.47615512214,anidealhusband1.txt,Wilde
